Date,DayOfWeek,Avail,Total,Indv,Multi,Blocks,Occ,Ad,Ch,Inf,Accomm,FB,Other,NonRevenue,TotalRevenue,GrandTotal,CumulativeAccomm,CumulativeFB,CumulativeOther,CumulativeTotalRevenue,CumulativeNonRevenue,CumulativeGrandTotal,ARR,APR,Yield,Blked,ROOS,DFS,Waitlist,InStock,RatePlanRevenue
"01/01/2025 00:00:00","Wednesday","6.00","96","90","6","0","89.72","179","1","0","10313.66","1809.70","0.00","0.00","12123.36","12123.36","10313.66","1809.70","0.00","12123.36","0.00","12123.36","107.43","108.63","96.39","0","5","0","0","107","10428.66"
"02/01/2025 00:00:00","Thursday","10.00","94","83","11","0","88.79","172","3","0","8537.33","1319.85","0.00","0.00","9857.18","9857.18","18850.99","3129.55","0.00","21980.54","0.00","21980.54","90.82","91.37","79.79","0","2","0","0","107","8588.75"
"03/01/2025 00:00:00","Friday","8.00","97","81","16","0","90.65","177","7","0","10044.22","1134.70","10.00","0.00","11188.92","11188.92","28895.21","4264.25","10.00","33169.46","0.00","33169.46","103.55","105.86","93.87","0","2","0","0","107","10268.22"
"04/01/2025 00:00:00","Saturday","2.00","103","82","21","0","96.26","198","4","0","11595.71","1522.60","0.00","0.00","13118.31","13118.31","40490.92","5786.85","10.00","46287.77","0.00","46287.77","112.58","115.32","108.37","0","2","0","0","107","11878.00"
"05/01/2025 00:00:00","Sunday","46.00","59","55","4","0","55.14","105","1","0","4657.99","828.70","0.00","0.00","5486.69","5486.69","45148.91","6615.55","10.00","51774.46","0.00","51774.46","78.95","79.42","43.53","0","2","0","0","107","4685.99"
"06/01/2025 00:00:00","Monday","68.00","37","35","2","0","34.58","58","0","0","3141.55","519.30","150.00","0.00","3810.85","3810.85","48290.46","7134.85","160.00","55585.31","0.00","55585.31","84.91","76.51","29.36","0","2","0","0","107","2831.05"
"07/01/2025 00:00:00","Tuesday","71.00","33","31","2","0","31.78","49","1","0","2462.26","238.65","0.00","0.00","2700.91","2700.91","50752.72","7373.50","160.00","58286.22","0.00","58286.22","74.61","76.43","23.01","0","2","0","0","107","2522.26"
"08/01/2025 00:00:00","Wednesday","58.00","47","43","4","0","43.93","75","1","0","3435.64","516.40","0.00","0.00","3952.04","3952.04","54188.36","7889.90","160.00","62238.26","0.00","62238.26","73.10","73.78","32.11","0","2","0","0","107","3467.64"
"09/01/2025 00:00:00","Thursday","59.00","46","42","4","0","42.99","78","3","0","3521.35","521.75","450.00","0.00","4493.10","4493.10","57709.71","8411.65","610.00","66731.36","0.00","66731.36","76.55","76.45","32.91","0","2","0","0","107","3516.49"
"10/01/2025 00:00:00","Friday","10.00","95","91","4","0","88.79","179","2","0","9547.97","1262.15","0.00","0.00","10810.12","10810.12","67257.68","9673.80","610.00","77541.48","0.00","77541.48","100.50","100.58","89.23","0","2","0","0","107","9554.93"
"11/01/2025 00:00:00","Saturday","6.00","99","91","8","0","92.52","189","3","0","11843.29","1275.20","0.00","0.00","13118.49","13118.49","79100.97","10949.00","610.00","90659.97","0.00","90659.97","119.63","121.81","110.68","0","2","0","0","107","12059.10"
"12/01/2025 00:00:00","Sunday","41.00","64","64","0","0","59.81","110","2","0","5094.79","1117.55","150.00","0.00","6362.34","6362.34","84195.76","12066.55","760.00","97022.31","0.00","97022.31","79.61","79.49","47.61","0","2","0","0","107","5087.22"
"13/01/2025 00:00:00","Monday","51.00","54","54","0","0","50.47","85","2","0","3973.27","750.05","0.00","0.00","4723.32","4723.32","88169.03","12816.60","760.00","101745.63","0.00","101745.63","73.58","78.65","37.13","0","2","0","0","107","4247.27"
"14/01/2025 00:00:00","Tuesday","36.00","61","61","0","0","57.01","96","4","0","4507.50","665.70","0.00","0.00","5173.20","5173.20","92676.53","13482.30","760.00","106918.83","0.00","106918.83","73.89","77.24","42.13","0","10","0","0","107","4711.49"
"15/01/2025 00:00:00","Wednesday","33.00","71","65","6","0","66.36","113","1","0","5215.16","1012.05","150.00","0.00","6377.21","6377.21","97891.69","14494.35","910.00","113296.04","0.00","113296.04","73.45","76.83","48.74","0","3","0","0","107","5455.16"
"16/01/2025 00:00:00","Thursday","31.00","74","63","11","0","69.16","125","1","0","5601.54","873.75","0.00","0.00","6475.29","6475.29","103493.23","15368.10","910.00","119771.33","0.00","119771.33","75.70","77.18","52.35","0","2","0","0","107","5711.25"
"17/01/2025 00:00:00","Friday","5.00","99","82","17","0","92.52","180","1","0","11514.38","1031.10","0.00","0.00","12545.48","12545.48","115007.61","16399.20","910.00","132316.81","0.00","132316.81","116.31","117.67","107.61","0","3","0","0","107","11649.54"
"18/01/2025 00:00:00","Saturday","4.00","101","91","10","0","94.39","191","2","0","13413.00","1583.50","150.00","0.00","15146.50","15146.50","128420.61","17982.70","1060.00","147463.31","0.00","147463.31","132.80","133.78","125.36","0","2","0","0","107","13512.21"
"19/01/2025 00:00:00","Sunday","46.00","57","55","2","0","53.27","100","3","0","4235.32","1003.85","0.00","0.00","5239.17","5239.17","132655.93","18986.55","1060.00","152702.48","0.00","152702.48","74.30","74.84","39.58","0","4","0","0","107","4265.67"
"20/01/2025 00:00:00","Monday","62.00","42","42","0","0","39.25","70","2","0","3036.77","640.85","150.00","0.00","3827.62","3827.62","135692.70","19627.40","1210.00","156530.10","0.00","156530.10","72.30","73.67","28.38","0","3","0","0","107","3094.02"
"21/01/2025 00:00:00","Tuesday","44.00","60","51","9","0","56.07","106","2","0","4329.51","1155.30","-35.00","0.00","5449.81","5449.81","140022.21","20782.70","1175.00","161979.91","0.00","161979.91","72.16","76.83","40.46","0","3","0","0","107","4610.00"
"22/01/2025 00:00:00","Wednesday","46.00","58","53","5","0","54.21","98","1","0","4003.03","537.95","0.00","0.00","4540.98","4540.98","144025.24","21320.65","1175.00","166520.89","0.00","166520.89","69.02","74.26","37.41","0","3","0","0","107","4307.03"
"23/01/2025 00:00:00","Thursday","16.00","87","80","7","0","81.31","154","1","0","6240.18","950.00","0.00","0.00","7190.18","7190.18","150265.42","22270.65","1175.00","173711.07","0.00","173711.07","71.73","71.84","58.32","0","4","0","0","107","6250.16"
"24/01/2025 00:00:00","Friday","15.00","88","79","9","0","82.24","172","3","2","11295.29","2440.65","0.00","0.00","13735.94","13735.94","161560.71","24711.30","1175.00","187447.01","0.00","187447.01","128.36","120.33","105.56","0","4","0","0","107","10589.10"
"25/01/2025 00:00:00","Saturday","7.00","96","77","19","0","89.72","182","3","2","14037.96","2174.50","0.00","0.00","16212.46","16212.46","175598.67","26885.80","1175.00","203659.47","0.00","203659.47","146.23","141.78","131.20","0","4","0","0","107","13610.53"
"26/01/2025 00:00:00","Sunday","34.00","65","52","13","0","60.75","117","1","0","5181.11","991.80","0.00","0.00","6172.91","6172.91","180779.78","27877.60","1175.00","209832.38","0.00","209832.38","79.71","83.99","48.42","0","8","0","0","107","5459.11"
"27/01/2025 00:00:00","Monday","50.00","52","49","3","0","48.60","84","2","0","4293.22","798.60","150.00","0.00","5241.82","5241.82","185073.00","28676.20","1325.00","215074.20","0.00","215074.20","82.56","77.61","40.12","0","5","0","0","107","4035.86"
"28/01/2025 00:00:00","Tuesday","56.00","46","43","3","0","42.99","74","2","0","3535.48","551.10","0.00","0.00","4086.58","4086.58","188608.48","29227.30","1325.00","219160.78","0.00","219160.78","76.86","79.29","33.04","0","5","0","0","107","3647.48"
"29/01/2025 00:00:00","Wednesday","51.00","50","45","5","0","46.73","75","1","0","3661.08","680.80","0.00","0.00","4341.88","4341.88","192269.56","29908.10","1325.00","223502.66","0.00","223502.66","73.22","73.17","34.22","0","6","0","0","107","3658.33"
"30/01/2025 00:00:00","Thursday","33.00","67","59","8","0","62.62","114","3","0","5174.22","729.90","0.00","0.00","5904.12","5904.12","197443.78","30638.00","1325.00","229406.78","0.00","229406.78","77.23","77.79","48.36","0","7","0","0","107","5211.73"
"31/01/2025 00:00:00","Friday","4.00","97","75","22","0","90.65","169","1","0","13587.40","1148.30","0.00","0.00","14735.70","14735.70","211031.18","31786.30","1325.00","244142.48","0.00","244142.48","140.08","143.27","126.99","0","6","0","0","107","13897.40"
"01/02/2025 00:00:00","Saturday","0.00","100","78","22","0","93.46","181","0","0","25221.36","1971.05","0.00","0.00","27192.41","27192.41","236252.54","33757.35","1325.00","271334.89","0.00","271334.89","252.21","254.34","235.71","0","7","0","0","107","25434.41"
"02/02/2025 00:00:00","Sunday","10.00","88","79","9","0","82.24","162","1","0","7258.07","1073.85","150.00","0.00","8481.92","8481.92","243510.61","34831.20","1475.00","279816.81","0.00","279816.81","82.48","84.64","67.83","0","9","0","0","107","7448.07"
"03/02/2025 00:00:00","Monday","55.00","41","41","0","0","38.32","70","1","0","3262.19","432.05","300.00","0.00","3994.24","3994.24","246772.80","35263.25","1775.00","283811.05","0.00","283811.05","79.57","72.48","30.49","0","11","0","0","107","2971.73"
"04/02/2025 00:00:00","Tuesday","61.00","41","41","0","0","38.32","64","1","0","3021.29","559.20","0.00","0.00","3580.49","3580.49","249794.09","35822.45","1775.00","287391.54","0.00","287391.54","73.69","75.44","28.24","0","5","0","0","107","3093.12"
"05/02/2025 00:00:00","Wednesday","34.00","67","56","11","0","62.62","104","1","0","4716.28","739.00","0.00","0.00","5455.28","5455.28","254510.37","36561.45","1775.00","292846.82","0.00","292846.82","70.39","71.94","44.08","0","6","0","0","107","4820.28"
"06/02/2025 00:00:00","Thursday","6.00","98","84","14","0","91.59","169","1","0","7066.41","837.40","0.00","0.00","7903.81","7903.81","261576.78","37398.85","1775.00","300750.63","0.00","300750.63","72.11","74.72","66.04","0","3","0","0","107","7322.41"
"07/02/2025 00:00:00","Friday","9.00","95","84","11","0","88.79","178","1","0","11412.45","1199.35","0.00","0.00","12611.80","12611.80","272989.23","38598.20","1775.00","313362.43","0.00","313362.43","120.13","123.79","106.66","0","3","0","0","107","11760.44"
"08/02/2025 00:00:00","Saturday","0.00","104","87","17","0","97.20","197","1","0","15440.30","1140.10","0.00","0.00","16580.40","16580.40","288429.53","39738.30","1775.00","329942.83","0.00","329942.83","148.46","149.69","144.30","0","3","0","0","107","15567.32"
"09/02/2025 00:00:00","Sunday","13.00","91","87","4","0","85.05","167","5","0","6848.13","1418.40","0.00","0.00","8266.53","8266.53","295277.66","41156.70","1775.00","338209.36","0.00","338209.36","75.25","77.67","64.00","0","3","0","0","107","7068.13"
"10/02/2025 00:00:00","Monday","37.00","66","60","6","0","61.68","118","2","0","4994.15","985.75","0.00","0.00","5979.90","5979.90","300271.81","42142.45","1775.00","344189.26","0.00","344189.26","75.67","75.59","46.67","0","4","0","0","107","4988.96"
"11/02/2025 00:00:00","Tuesday","33.00","69","63","6","0","64.49","121","2","0","5232.09","976.55","0.00","0.00","6208.64","6208.64","305503.90","43119.00","1775.00","350397.90","0.00","350397.90","75.83","78.03","48.90","0","5","0","0","107","5384.00"
"12/02/2025 00:00:00","Wednesday","17.00","87","80","7","0","81.31","141","1","0","6558.71","1081.15","0.00","0.00","7639.86","7639.86","312062.61","44200.15","1775.00","358037.76","0.00","358037.76","75.39","76.01","61.30","0","3","0","0","107","6612.57"
"13/02/2025 00:00:00","Thursday","16.00","89","84","5","0","83.18","157","1","0","6884.55","1504.95","0.00","0.00","8389.50","8389.50","318947.16","45705.10","1775.00","366427.26","0.00","366427.26","77.35","79.00","64.34","0","2","0","0","107","7030.58"
"14/02/2025 00:00:00","Friday","4.00","101","89","12","0","94.39","190","1","0","14009.99","1889.80","0.00","0.00","15899.79","15899.79","332957.15","47594.90","1775.00","382327.05","0.00","382327.05","138.71","136.58","130.93","0","2","0","0","107","13795.03"
"15/02/2025 00:00:00","Saturday","1.00","104","81","23","0","97.20","192","0","0","16701.10","1517.45","0.00","0.00","18218.55","18218.55","349658.25","49112.35","1775.00","400545.60","0.00","400545.60","160.59","160.52","156.09","0","2","0","0","107","16693.85"
"16/02/2025 00:00:00","Sunday","7.00","97","80","17","0","90.65","168","2","0","7859.42","690.80","0.00","0.00","8550.22","8550.22","357517.67","49803.15","1775.00","409095.82","0.00","409095.82","81.02","82.38","73.45","0","3","0","0","107","7990.42"
"17/02/2025 00:00:00","Monday","17.00","86","78","8","0","80.37","143","8","0","6487.72","1035.40","0.00","0.00","7523.12","7523.12","364005.39","50838.55","1775.00","416618.94","0.00","416618.94","75.44","77.18","60.63","0","4","0","0","107","6637.85"
"18/02/2025 00:00:00","Tuesday","4.00","101","90","11","0","94.39","166","6","0","7720.77","1077.05","0.00","0.00","8797.82","8797.82","371726.16","51915.60","1775.00","425416.76","0.00","425416.76","76.44","80.43","72.16","0","2","0","0","107","8123.89"
"19/02/2025 00:00:00","Wednesday","4.00","101","86","15","0","94.39","181","7","0","9831.04","1611.40","0.00","0.00","11442.44","11442.44","381557.20","53527.00","1775.00","436859.20","0.00","436859.20","97.34","102.48","91.88","0","2","0","0","107","10350.04"
"20/02/2025 00:00:00","Thursday","0.00","105","78","27","0","98.13","186","7","0","10596.24","1625.20","0.00","0.00","12221.44","12221.44","392153.44","55152.20","1775.00","449080.64","0.00","449080.64","100.92","102.16","99.03","0","2","0","0","107","10727.01"
"21/02/2025 00:00:00","Friday","0.00","106","74","32","0","99.07","196","1","0","16129.13","2065.60","0.00","0.00","18194.73","18194.73","408282.57","57217.80","1775.00","467275.37","0.00","467275.37","152.16","154.25","150.74","0","1","0","0","107","16350.77"
"22/02/2025 00:00:00","Saturday","3.00","102","74","28","0","95.33","194","1","0","15644.40","1551.85","0.00","0.00","17196.25","17196.25","423926.97","58769.65","1775.00","484471.62","0.00","484471.62","153.38","156.30","146.21","0","2","0","0","107","15942.62"
"23/02/2025 00:00:00","Sunday","4.00","102","60","42","0","95.33","161","0","0","9433.33","1561.35","0.00","0.00","10994.68","10994.68","433360.30","60331.00","1775.00","495466.30","0.00","495466.30","92.48","97.17","88.16","0","1","0","0","107","9911.05"
"24/02/2025 00:00:00","Monday","19.00","85","48","37","0","79.44","115","1","0","7573.48","1431.65","69.00","0.00","9074.13","9074.13","440933.78","61762.65","1844.00","504540.43","0.00","504540.43","89.10","96.79","70.78","0","3","0","0","107","8227.48"
"25/02/2025 00:00:00","Tuesday","0.00","105","67","38","0","98.13","150","1","0","10195.55","1473.15","0.00","0.00","11668.70","11668.70","451129.33","63235.80","1844.00","516209.13","0.00","516209.13","97.10","103.27","95.29","0","2","0","0","107","10843.46"
"26/02/2025 00:00:00","Wednesday","4.00","101","58","43","0","94.39","134","2","0","9368.26","1506.30","0.00","0.00","10874.56","10874.56","460497.59","64742.10","1844.00","527083.69","0.00","527083.69","92.76","97.38","87.55","0","2","0","0","107","9835.04"
"27/02/2025 00:00:00","Thursday","0.00","106","63","43","0","99.07","149","4","0","9787.86","1312.95","0.00","0.00","11100.81","11100.81","470285.45","66055.05","1844.00","538184.50","0.00","538184.50","92.34","98.03","91.48","0","1","0","0","107","10390.86"
"28/02/2025 00:00:00","Friday","6.00","100","51","49","0","93.46","156","1","0","14452.24","1194.10","0.00","0.00","15646.34","15646.34","484737.69","67249.15","1844.00","553830.84","0.00","553830.84","144.52","148.97","135.07","0","1","0","0","107","14897.13"
"01/03/2025 00:00:00","Saturday","2.00","104","81","23","0","97.20","181","1","0","18848.08","1975.90","0.00","0.00","20823.98","20823.98","503585.77","69225.05","1844.00","574654.82","0.00","574654.82","181.23","183.42","176.15","0","1","0","0","107","19076.08"
"02/03/2025 00:00:00","Sunday","0.00","105","94","11","0","98.13","183","1","0","10943.11","1408.15","0.00","0.00","12351.26","12351.26","514528.88","70633.20","1844.00","587006.08","0.00","587006.08","104.22","106.13","102.27","0","2","0","0","107","11143.96"
"03/03/2025 00:00:00","Monday","2.00","102","96","6","0","95.33","168","10","0","12176.75","1284.55","150.00","0.00","13611.30","13611.30","526705.63","71917.75","1994.00","600617.38","0.00","600617.38","119.38","123.20","113.80","0","3","0","0","107","12566.75"
"04/03/2025 00:00:00","Tuesday","0.00","105","94","11","0","98.13","158","6","0","12432.73","1624.88","100.00","0.00","14157.61","14157.61","539138.36","73542.63","2094.00","614774.99","0.00","614774.99","118.41","123.68","116.19","0","2","0","0","107","12986.88"
"05/03/2025 00:00:00","Wednesday","5.00","100","89","11","0","93.46","149","1","0","10375.15","1584.70","0.00","0.00","11959.85","11959.85","549513.51","75127.33","2094.00","626734.84","0.00","626734.84","103.75","110.32","96.96","0","2","0","0","107","11032.42"
"06/03/2025 00:00:00","Thursday","2.00","103","92","11","0","96.26","186","1","0","10703.71","1893.55","0.00","0.00","12597.26","12597.26","560217.22","77020.88","2094.00","639332.10","0.00","639332.10","103.92","108.43","100.03","0","2","0","0","107","11168.67"
"07/03/2025 00:00:00","Friday","1.00","105","63","42","0","98.13","192","2","0","24397.21","2428.85","0.00","0.00","26826.06","26826.06","584614.43","79449.73","2094.00","666158.16","0.00","666158.16","232.35","238.50","228.01","0","1","0","0","107","25042.43"
"08/03/2025 00:00:00","Saturday","1.00","105","61","44","0","98.13","194","1","0","29815.34","2177.30","0.00","0.00","31992.64","31992.64","614429.77","81627.03","2094.00","698150.80","0.00","698150.80","283.96","291.02","278.65","0","1","0","0","107","30557.34"
"09/03/2025 00:00:00","Sunday","19.00","86","64","22","0","80.37","149","2","0","8393.78","1724.45","0.00","0.00","10118.23","10118.23","622823.55","83351.48","2094.00","708269.03","0.00","708269.03","97.60","102.97","78.45","0","2","0","0","107","8855.78"
"10/03/2025 00:00:00","Monday","4.00","100","92","8","0","93.46","164","7","0","9144.90","1182.05","0.00","0.00","10326.95","10326.95","631968.45","84533.53","2094.00","718595.98","0.00","718595.98","91.45","91.79","85.47","0","3","0","0","107","9178.55"
"11/03/2025 00:00:00","Tuesday","1.00","103","87","16","0","96.26","170","4","0","10704.58","1260.70","0.00","0.00","11965.28","11965.28","642673.03","85794.23","2094.00","730561.26","0.00","730561.26","103.93","106.69","100.04","0","3","0","0","107","10989.58"
"12/03/2025 00:00:00","Wednesday","5.00","97","82","15","0","90.65","169","2","0","10092.21","1657.10","0.00","0.00","11749.31","11749.31","652765.24","87451.33","2094.00","742310.57","0.00","742310.57","104.04","106.28","94.32","0","5","0","0","107","10308.96"
"13/03/2025 00:00:00","Thursday","1.00","104","90","14","0","97.20","193","1","0","12446.07","1987.05","0.00","0.00","14433.12","14433.12","665211.31","89438.38","2094.00","756743.69","0.00","756743.69","119.67","121.92","116.32","0","2","0","0","107","12680.07"
"14/03/2025 00:00:00","Friday","4.00","103","78","25","0","96.26","201","0","0","20569.20","1588.75","0.00","0.00","22157.95","22157.95","685780.51","91027.13","2094.00","778901.64","0.00","778901.64","199.70","204.63","192.24","0","0","0","0","107","21077.20"
"15/03/2025 00:00:00","Saturday","0.00","107","70","37","0","100.00","209","1","0","30090.85","1402.80","0.00","0.00","31493.65","31493.65","715871.36","92429.93","2094.00","810395.29","0.00","810395.29","281.22","285.80","281.22","0","0","0","0","107","30580.85"
"16/03/2025 00:00:00","Sunday","4.00","102","69","33","0","95.33","197","1","0","28185.52","1997.25","0.00","0.00","30182.77","30182.77","744056.88","94427.18","2094.00","840578.06","0.00","840578.06","276.33","281.11","263.42","0","1","0","0","107","28673.52"
"17/03/2025 00:00:00","Monday","11.00","95","64","31","0","88.79","180","0","0","25305.73","3205.50","300.00","0.00","28811.23","28811.23","769362.61","97632.68","2394.00","869389.29","0.00","869389.29","266.38","271.12","236.50","0","1","0","0","107","25756.75"
"18/03/2025 00:00:00","Tuesday","7.00","98","81","17","0","91.59","170","0","0","10940.07","1367.50","150.00","0.00","12457.57","12457.57","780302.68","99000.18","2544.00","881846.86","0.00","881846.86","111.63","114.97","102.24","0","2","0","0","107","11266.88"
"19/03/2025 00:00:00","Wednesday","3.00","102","87","15","0","95.33","162","6","0","10700.85","1666.70","0.00","0.00","12367.55","12367.55","791003.53","100666.88","2544.00","894214.41","0.00","894214.41","104.91","108.67","100.01","0","2","0","0","107","11084.63"
"20/03/2025 00:00:00","Thursday","8.00","97","78","19","0","90.65","167","1","0","10339.84","1877.20","80.00","0.00","12297.04","12297.04","801343.37","102544.08","2624.00","906511.45","0.00","906511.45","106.60","108.95","96.63","0","2","0","0","107","10568.22"
"21/03/2025 00:00:00","Friday","4.00","102","71","31","0","95.33","186","0","0","16994.93","1864.70","0.00","0.00","18859.63","18859.63","818338.30","104408.78","2624.00","925371.08","0.00","925371.08","166.62","166.60","158.83","0","1","0","0","107","16992.86"
"22/03/2025 00:00:00","Saturday","0.00","106","76","30","0","99.07","189","1","0","19133.75","1358.60","0.00","0.00","20492.35","20492.35","837472.05","105767.38","2624.00","945863.43","0.00","945863.43","180.51","180.53","178.82","0","1","0","0","107","19136.33"
"23/03/2025 00:00:00","Sunday","8.00","95","81","14","0","88.79","164","3","0","9503.71","1400.70","0.00","0.00","10904.41","10904.41","846975.76","107168.08","2624.00","956767.84","0.00","956767.84","100.04","101.44","88.82","0","4","0","0","107","9636.71"
"24/03/2025 00:00:00","Monday","12.00","93","78","15","0","86.92","152","1","0","8357.43","1573.35","0.00","0.00","9930.78","9930.78","855333.19","108741.43","2624.00","966698.62","0.00","966698.62","89.86","93.13","78.11","0","2","0","0","107","8661.24"
"25/03/2025 00:00:00","Tuesday","6.00","100","81","19","0","93.46","155","1","0","9358.77","1609.70","0.00","0.00","10968.47","10968.47","864691.96","110351.13","2624.00","977667.09","0.00","977667.09","93.59","97.44","87.47","0","1","0","0","107","9744.15"
"26/03/2025 00:00:00","Wednesday","8.00","98","81","17","0","91.59","146","0","0","9570.96","1539.45","0.00","0.00","11110.41","11110.41","874262.92","111890.58","2624.00","988777.50","0.00","988777.50","97.66","101.95","89.45","0","1","0","0","107","9990.96"
"27/03/2025 00:00:00","Thursday","1.00","106","93","13","0","99.07","182","0","0","11066.49","1455.55","150.00","0.00","12672.04","12672.04","885329.41","113346.13","2774.00","1001449.54","0.00","1001449.54","104.40","104.03","103.43","0","0","0","0","107","11027.44"
"28/03/2025 00:00:00","Friday","3.00","104","79","25","0","97.20","189","0","0","17563.35","1358.35","0.00","0.00","18921.70","18921.70","902892.76","114704.48","2774.00","1020371.24","0.00","1020371.24","168.88","171.19","164.14","0","0","0","0","107","17803.75"
"29/03/2025 00:00:00","Saturday","1.00","106","75","31","0","99.07","203","0","0","20217.83","2997.70","0.00","0.00","23215.53","23215.53","923110.59","117702.18","2774.00","1043586.77","0.00","1043586.77","190.73","195.11","188.95","0","0","0","0","107","20681.54"
"30/03/2025 00:00:00","Sunday","8.00","98","73","25","0","91.59","181","2","0","9843.99","1754.50","0.00","0.00","11598.49","11598.49","932954.58","119456.68","2774.00","1055185.26","0.00","1055185.26","100.45","106.87","92.00","0","1","0","0","107","10472.99"
"31/03/2025 00:00:00","Monday","3.00","101","84","17","0","94.39","176","1","0","9497.70","1905.45","0.00","0.00","11403.15","11403.15","942452.28","121362.13","2774.00","1066588.41","0.00","1066588.41","94.04","101.89","88.76","0","3","0","0","107","10290.70"
"01/04/2025 00:00:00","Tuesday","4.00","101","78","23","0","94.39","167","3","0","10492.20","1787.50","0.00","0.00","12279.70","12279.70","952944.48","123149.63","2774.00","1078868.11","0.00","1078868.11","103.88","111.93","98.06","0","2","0","0","107","11304.70"
"02/04/2025 00:00:00","Wednesday","0.00","105","84","21","0","98.13","180","2","0","11270.20","1674.40","0.00","0.00","12944.60","12944.60","964214.68","124824.03","2774.00","1091812.71","0.00","1091812.71","107.34","113.10","105.33","0","2","0","0","107","11875.31"
"03/04/2025 00:00:00","Thursday","0.00","105","73","32","0","98.13","185","2","0","11936.39","1543.80","0.00","0.00","13480.19","13480.19","976151.07","126367.83","2774.00","1105292.90","0.00","1105292.90","113.68","122.55","111.56","0","2","0","0","107","12868.20"
"04/04/2025 00:00:00","Friday","2.00","103","66","37","0","96.26","191","1","0","18410.97","1753.20","150.00","0.00","20314.17","20314.17","994562.04","128121.03","2924.00","1125607.07","0.00","1125607.07","178.75","182.48","172.07","0","2","0","0","107","18794.97"
"05/04/2025 00:00:00","Saturday","0.00","106","71","35","0","99.07","198","1","0","24444.64","2229.20","0.00","0.00","26673.84","26673.84","1019006.68","130350.23","2924.00","1152280.91","0.00","1152280.91","230.61","237.45","228.45","0","1","0","0","107","25170.19"
"06/04/2025 00:00:00","Sunday","3.00","102","80","22","0","95.33","179","1","0","10376.34","1746.30","0.00","0.00","12122.64","12122.64","1029383.02","132096.53","2924.00","1164403.55","0.00","1164403.55","101.73","107.27","96.98","0","2","0","0","107","10941.34"
"07/04/2025 00:00:00","Monday","5.00","100","86","14","0","93.46","162","2","0","10030.57","1480.55","0.00","0.00","11511.12","11511.12","1039413.59","133577.08","2924.00","1175914.67","0.00","1175914.67","100.31","104.95","93.74","0","2","0","0","107","10494.57"
"08/04/2025 00:00:00","Tuesday","3.00","102","87","15","0","95.33","178","1","0","12972.40","1498.20","0.00","0.00","14470.60","14470.60","1052385.99","135075.28","2924.00","1190385.27","0.00","1190385.27","127.18","133.40","121.24","0","2","0","0","107","13607.30"
"09/04/2025 00:00:00","Wednesday","4.00","101","89","12","0","94.39","162","5","0","11573.23","1706.65","150.00","0.00","13429.88","13429.88","1063959.22","136781.93","3074.00","1203815.15","0.00","1203815.15","114.59","113.46","108.16","0","2","0","0","107","11459.29"
"10/04/2025 00:00:00","Thursday","3.00","102","85","17","0","95.33","181","3","0","11899.12","1810.55","0.00","0.00","13709.67","13709.67","1075858.34","138592.48","3074.00","1217524.82","0.00","1217524.82","116.66","121.34","111.21","0","2","0","0","107","12376.68"
"11/04/2025 00:00:00","Friday","1.00","104","82","22","0","97.20","193","3","0","19671.93","2295.60","0.00","0.00","21967.53","21967.53","1095530.27","140888.08","3074.00","1239492.35","0.00","1239492.35","189.15","193.43","183.85","0","2","0","0","107","20117.07"
"12/04/2025 00:00:00","Saturday","0.00","106","73","33","0","99.07","189","13","0","25034.80","2338.20","0.00","0.00","27373.00","27373.00","1120565.07","143226.28","3074.00","1266865.35","0.00","1266865.35","236.18","240.99","233.97","0","1","0","0","107","25545.33"
"13/04/2025 00:00:00","Sunday","2.00","103","79","24","0","96.26","176","22","0","12334.78","1509.80","0.00","0.00","13844.58","13844.58","1132899.85","144736.08","3074.00","1280709.93","0.00","1280709.93","119.76","123.65","115.28","0","2","0","0","107","12735.78"
"14/04/2025 00:00:00","Monday","1.00","105","75","30","0","98.13","170","22","0","14392.07","1973.55","150.00","0.00","16515.62","16515.62","1147291.92","146709.63","3224.00","1297225.55","0.00","1297225.55","137.07","140.75","134.51","0","1","0","0","107","14778.57"
"15/04/2025 00:00:00","Tuesday","2.00","105","81","24","0","98.13","168","18","0","15115.71","1865.75","0.00","0.00","16981.46","16981.46","1162407.63","148575.38","3224.00","1314207.01","0.00","1314207.01","143.96","143.85","141.27","0","0","0","0","107","15104.60"
"16/04/2025 00:00:00","Wednesday","3.00","104","72","32","0","97.20","178","10","0","14525.14","2254.50","0.00","0.00","16779.64","16779.64","1176932.77","150829.88","3224.00","1330986.65","0.00","1330986.65","139.66","144.65","135.75","0","0","0","0","107","15043.64"
"17/04/2025 00:00:00","Thursday","2.00","105","72","33","0","98.13","194","5","0","16914.89","2225.85","0.00","0.00","19140.74","19140.74","1193847.66","153055.73","3224.00","1350127.39","0.00","1350127.39","161.09","162.01","158.08","0","0","0","0","107","17010.69"
"18/04/2025 00:00:00","Friday","3.00","104","62","42","0","97.20","200","2","0","21786.96","2235.75","0.00","0.00","24022.71","24022.71","1215634.62","155291.48","3224.00","1374150.10","0.00","1374150.10","209.49","223.39","203.62","0","0","0","0","107","23232.94"
"19/04/2025 00:00:00","Saturday","2.00","105","74","31","0","98.13","208","2","0","25133.63","1742.15","0.00","0.00","26875.78","26875.78","1240768.25","157033.63","3224.00","1401025.88","0.00","1401025.88","239.37","243.64","234.89","0","0","0","0","107","25581.88"
"20/04/2025 00:00:00","Sunday","0.00","107","90","17","0","100.00","202","7","0","15132.51","1769.65","0.00","0.00","16902.16","16902.16","1255900.76","158803.28","3224.00","1417928.04","0.00","1417928.04","141.43","145.20","141.43","0","0","0","0","107","15536.46"
"21/04/2025 00:00:00","Monday","8.00","99","86","13","0","92.52","186","7","0","10343.57","1418.90","200.00","0.00","11962.47","11962.47","1266244.33","160222.18","3424.00","1429890.51","0.00","1429890.51","104.48","109.06","96.67","0","0","0","0","107","10796.57"
"22/04/2025 00:00:00","Tuesday","1.00","106","88","18","0","99.07","183","8","0","12231.78","1806.20","0.00","0.00","14037.98","14037.98","1278476.11","162028.38","3424.00","1443928.49","0.00","1443928.49","115.39","121.99","114.32","0","0","0","0","107","12930.88"
"23/04/2025 00:00:00","Wednesday","1.00","106","96","10","0","99.07","183","5","0","11713.19","2006.85","0.00","0.00","13720.04","13720.04","1290189.30","164035.23","3424.00","1457648.53","0.00","1457648.53","110.50","116.44","109.47","0","0","0","0","107","12342.60"
"24/04/2025 00:00:00","Thursday","0.00","107","86","21","0","100.00","185","4","0","13497.16","2057.05","150.00","0.00","15704.21","15704.21","1303686.46","166092.28","3574.00","1473352.74","0.00","1473352.74","126.14","132.98","126.14","0","0","0","0","107","14228.34"
"25/04/2025 00:00:00","Friday","0.00","107","72","35","0","100.00","197","1","0","20352.82","1845.85","0.00","0.00","22198.67","22198.67","1324039.28","167938.13","3574.00","1495551.41","0.00","1495551.41","190.21","191.91","190.21","0","0","0","0","107","20534.59"
"26/04/2025 00:00:00","Saturday","2.00","105","73","32","0","98.13","204","0","0","20850.87","1780.95","0.00","0.00","22631.82","22631.82","1344890.15","169719.08","3574.00","1518183.23","0.00","1518183.23","198.58","203.67","194.87","0","0","0","0","107","21384.87"
"27/04/2025 00:00:00","Sunday","1.00","106","81","25","0","99.07","185","0","0","12688.97","2600.90","0.00","0.00","15289.87","15289.87","1357579.12","172319.98","3574.00","1533473.10","0.00","1533473.10","119.71","126.96","118.59","0","0","0","0","107","13458.20"
"28/04/2025 00:00:00","Monday","1.00","105","77","28","0","98.13","171","1","0","13004.70","2301.40","0.00","0.00","15306.10","15306.10","1370583.82","174621.38","3574.00","1548779.20","0.00","1548779.20","123.85","130.49","121.54","0","1","0","0","107","13701.78"
"29/04/2025 00:00:00","Tuesday","0.00","106","77","29","0","99.07","171","1","0","13573.28","2137.75","100.00","0.00","15811.03","15811.03","1384157.10","176759.13","3674.00","1564590.23","0.00","1564590.23","128.05","136.99","126.85","0","1","0","0","107","14521.28"
"30/04/2025 00:00:00","Wednesday","1.00","105","73","32","0","98.13","182","3","0","12968.68","2191.25","0.00","0.00","15159.93","15159.93","1397125.78","178950.38","3674.00","1579750.16","0.00","1579750.16","123.51","133.11","121.20","0","1","0","0","107","13976.16"
"01/05/2025 00:00:00","Thursday","0.00","105","76","29","0","98.13","196","1","0","18631.05","2030.40","0.00","0.00","20661.45","20661.45","1415756.83","180980.78","3674.00","1600411.61","0.00","1600411.61","177.44","180.93","174.12","0","2","0","0","107","18997.42"
"02/05/2025 00:00:00","Friday","1.00","105","65","40","0","98.13","203","1","0","26539.99","1755.80","0.00","0.00","28295.79","28295.79","1442296.82","182736.58","3674.00","1628707.40","0.00","1628707.40","252.76","257.10","248.04","0","1","0","0","107","26995.98"
"03/05/2025 00:00:00","Saturday","2.00","104","67","37","0","97.20","209","0","0","28748.99","1955.70","0.00","0.00","30704.69","30704.69","1471045.81","184692.28","3674.00","1659412.09","0.00","1659412.09","276.43","279.06","268.68","0","1","0","0","107","29022.14"
"04/05/2025 00:00:00","Sunday","6.00","100","80","20","0","93.46","193","0","0","14402.68","1763.90","0.00","0.00","16166.58","16166.58","1485448.49","186456.18","3674.00","1675578.67","0.00","1675578.67","144.03","150.77","134.60","0","1","0","0","107","15076.65"
"05/05/2025 00:00:00","Monday","12.00","95","85","10","0","88.79","174","2","0","10872.46","1510.10","0.00","0.00","12382.56","12382.56","1496320.95","187966.28","3674.00","1687961.23","0.00","1687961.23","114.45","118.54","101.61","0","0","0","0","107","11261.62"
"06/05/2025 00:00:00","Tuesday","4.00","103","92","11","0","96.26","180","2","0","13853.02","2048.45","0.00","0.00","15901.47","15901.47","1510173.97","190014.73","3674.00","1703862.70","0.00","1703862.70","134.50","142.04","129.47","0","0","0","0","107","14630.53"
"07/05/2025 00:00:00","Wednesday","2.00","104","86","18","0","97.20","175","0","0","14093.47","1375.95","0.00","0.00","15469.42","15469.42","1524267.44","191390.68","3674.00","1719332.12","0.00","1719332.12","135.51","140.27","131.71","0","1","0","0","107","14587.68"
"08/05/2025 00:00:00","Thursday","5.00","101","87","14","0","94.39","182","0","0","15223.03","2022.10","0.00","0.00","17245.13","17245.13","1539490.47","193412.78","3674.00","1736577.25","0.00","1736577.25","150.72","156.28","142.27","0","1","0","0","107","15784.14"
"09/05/2025 00:00:00","Friday","3.00","104","83","21","0","97.20","189","0","0","22920.83","2257.45","0.00","0.00","25178.28","25178.28","1562411.30","195670.23","3674.00","1761755.53","0.00","1761755.53","220.39","227.73","214.21","0","0","0","0","107","23683.63"
"10/05/2025 00:00:00","Saturday","1.00","106","91","15","0","99.07","200","0","0","25035.42","2045.95","0.00","0.00","27081.37","27081.37","1587446.72","197716.18","3674.00","1788836.90","0.00","1788836.90","236.18","244.10","233.98","0","0","0","0","107","25874.42"
"11/05/2025 00:00:00","Sunday","7.00","99","83","16","0","92.52","179","1","0","12829.78","2146.20","0.00","0.00","14975.98","14975.98","1600276.50","199862.38","3674.00","1803812.88","0.00","1803812.88","129.59","137.78","119.90","0","1","0","0","107","13639.78"
"12/05/2025 00:00:00","Monday","10.00","96","69","27","0","89.72","164","0","0","13917.73","2370.50","0.00","0.00","16288.23","16288.23","1614194.23","202232.88","3674.00","1820101.11","0.00","1820101.11","144.98","156.29","130.07","0","1","0","0","107","15003.73"
"13/05/2025 00:00:00","Tuesday","1.00","105","89","16","0","98.13","177","2","0","15478.12","2075.95","0.00","0.00","17554.07","17554.07","1629672.35","204308.83","3674.00","1837655.18","0.00","1837655.18","147.41","151.52","144.66","0","1","0","0","107","15909.86"
"14/05/2025 00:00:00","Wednesday","0.00","106","61","45","0","99.07","185","1","0","16908.38","2522.30","0.00","0.00","19430.68","19430.68","1646580.73","206831.13","3674.00","1857085.86","0.00","1857085.86","159.51","171.12","158.02","0","1","0","0","107","18138.19"
"15/05/2025 00:00:00","Thursday","1.00","105","57","48","0","98.13","179","2","0","16982.56","2385.15","0.00","0.00","19367.71","19367.71","1663563.29","209216.28","3674.00","1876453.57","0.00","1876453.57","161.74","175.99","158.72","0","1","0","0","107","18478.56"
"16/05/2025 00:00:00","Friday","0.00","106","59","47","0","99.07","189","4","0","22941.10","2899.45","0.00","0.00","25840.55","25840.55","1686504.39","212115.73","3674.00","1902294.12","0.00","1902294.12","216.43","229.22","214.40","0","1","0","0","107","24297.10"
"17/05/2025 00:00:00","Saturday","0.00","107","67","40","0","100.00","199","3","0","25348.66","2743.90","0.00","0.00","28092.56","28092.56","1711853.05","214859.63","3674.00","1930386.68","0.00","1930386.68","236.90","246.88","236.90","0","0","0","0","107","26416.66"
"18/05/2025 00:00:00","Sunday","8.00","98","62","36","0","91.59","183","0","0","13285.99","2609.40","0.00","0.00","15895.39","15895.39","1725139.04","217469.03","3674.00","1946282.07","0.00","1946282.07","135.57","148.28","124.17","0","1","0","0","107","14530.99"
"19/05/2025 00:00:00","Monday","2.00","103","74","29","0","96.26","176","2","0","15299.41","2364.65","0.00","0.00","17664.06","17664.06","1740438.45","219833.68","3674.00","1963946.13","0.00","1963946.13","148.54","165.49","142.99","0","2","0","0","107","17045.61"
"20/05/2025 00:00:00","Tuesday","0.00","106","87","19","0","99.07","185","1","0","18493.45","2935.60","0.00","0.00","21429.05","21429.05","1758931.90","222769.28","3674.00","1985375.18","0.00","1985375.18","174.47","181.56","172.84","0","1","0","0","107","19244.96"
"21/05/2025 00:00:00","Wednesday","0.00","106","88","18","0","99.07","170","0","0","16045.43","2152.05","0.00","0.00","18197.48","18197.48","1774977.33","224921.33","3674.00","2003572.66","0.00","2003572.66","151.37","157.54","149.96","0","1","0","0","107","16699.34"
"22/05/2025 00:00:00","Thursday","0.00","107","55","52","0","100.00","190","0","0","20464.41","2655.90","0.00","0.00","23120.31","23120.31","1795441.74","227577.23","3674.00","2026692.97","0.00","2026692.97","191.26","196.88","191.26","0","0","0","0","107","21066.54"
"23/05/2025 00:00:00","Friday","0.00","106","52","54","0","99.07","191","0","0","22566.20","2904.05","0.00","0.00","25470.25","25470.25","1818007.94","230481.28","3674.00","2052163.22","0.00","2052163.22","212.89","228.31","210.90","0","1","0","0","107","24201.20"
"24/05/2025 00:00:00","Saturday","0.00","107","60","47","0","100.00","190","3","0","27118.62","4694.25","10.00","0.00","31822.87","31822.87","1845126.56","235175.53","3684.00","2083986.09","0.00","2083986.09","253.45","268.16","253.45","0","0","0","0","107","28693.62"
"25/05/2025 00:00:00","Sunday","1.00","106","89","17","0","99.07","189","8","0","16298.00","2260.85","0.00","0.00","18558.85","18558.85","1861424.56","237436.38","3684.00","2102544.94","0.00","2102544.94","153.75","161.75","152.32","0","0","0","0","107","17145.00"
"26/05/2025 00:00:00","Monday","3.00","102","62","40","0","95.33","174","5","0","16860.02","2946.35","0.00","0.00","19806.37","19806.37","1878284.58","240382.73","3684.00","2122351.31","0.00","2122351.31","165.29","165.22","157.57","0","2","0","0","107","16852.07"
"27/05/2025 00:00:00","Tuesday","3.00","103","62","41","0","96.26","168","8","0","16175.47","2695.60","0.00","0.00","18871.07","18871.07","1894460.05","243078.33","3684.00","2141222.38","0.00","2141222.38","157.04","170.52","151.17","0","1","0","0","107","17563.47"
"28/05/2025 00:00:00","Wednesday","1.00","105","67","38","0","98.13","173","3","0","18030.00","2081.05","0.00","0.00","20111.05","20111.05","1912490.05","245159.38","3684.00","2161333.43","0.00","2161333.43","171.71","180.18","168.50","0","1","0","0","107","18918.90"
"29/05/2025 00:00:00","Thursday","2.00","104","67","37","0","97.20","180","2","0","18133.98","2412.75","0.00","0.00","20546.73","20546.73","1930624.03","247572.13","3684.00","2181880.16","0.00","2181880.16","174.37","182.99","169.48","0","1","0","0","107","19030.73"
"30/05/2025 00:00:00","Friday","3.00","103","70","33","0","96.26","189","4","0","21023.42","2168.45","220.00","0.00","23411.87","23411.87","1951647.45","249740.58","3904.00","2205292.03","0.00","2205292.03","204.11","213.50","196.48","0","1","0","0","107","21990.24"
"31/05/2025 00:00:00","Saturday","0.00","106","74","32","0","99.07","201","1","0","28063.22","2001.10","-210.00","0.00","29854.32","29854.32","1979710.67","251741.68","3694.00","2235146.35","0.00","2235146.35","264.75","274.48","262.27","0","1","0","0","107","29095.22"
"01/06/2025 00:00:00","Sunday","6.00","100","73","27","0","93.46","184","0","0","17153.31","2867.95","0.00","0.00","20021.26","20021.26","1996863.98","254609.63","3694.00","2255167.61","0.00","2255167.61","171.53","181.47","160.31","0","1","0","0","107","18147.31"
"02/06/2025 00:00:00","Monday","9.00","97","74","23","0","90.65","174","0","0","12996.35","2237.80","0.00","0.00","15234.15","15234.15","2009860.33","256847.43","3694.00","2270401.76","0.00","2270401.76","133.98","144.31","121.46","0","1","0","0","107","13998.35"
"03/06/2025 00:00:00","Tuesday","2.00","103","86","17","0","96.26","176","0","0","14890.55","2001.70","0.00","0.00","16892.25","16892.25","2024750.88","258849.13","3694.00","2287294.01","0.00","2287294.01","144.57","153.83","139.16","0","2","0","0","107","15844.55"
"04/06/2025 00:00:00","Wednesday","2.00","104","86","18","0","97.20","174","1","0","16441.42","2037.75","0.00","0.00","18479.17","18479.17","2041192.30","260886.88","3694.00","2305773.18","0.00","2305773.18","158.09","165.77","153.66","0","1","0","0","107","17240.16"
"05/06/2025 00:00:00","Thursday","0.00","106","75","31","0","99.07","194","3","0","19998.19","2799.50","0.00","0.00","22797.69","22797.69","2061190.49","263686.38","3694.00","2328570.87","0.00","2328570.87","188.66","197.55","186.90","0","1","0","0","107","20940.19"
"06/06/2025 00:00:00","Friday","0.00","105","65","40","0","98.13","201","1","0","26019.59","2878.45","210.00","0.00","29108.04","29108.04","2087210.08","266564.83","3904.00","2357678.91","0.00","2357678.91","247.81","255.03","243.17","0","2","0","0","107","26778.34"
"07/06/2025 00:00:00","Saturday","3.00","102","75","27","0","95.33","193","2","0","28327.78","2358.75","0.00","0.00","30686.53","30686.53","2115537.86","268923.58","3904.00","2388365.44","0.00","2388365.44","277.72","284.50","264.75","0","2","0","0","107","29018.78"
"08/06/2025 00:00:00","Sunday","6.00","100","79","21","0","93.46","189","4","0","15555.30","2721.85","150.00","0.00","18427.15","18427.15","2131093.16","271645.43","4054.00","2406792.59","0.00","2406792.59","155.55","156.74","145.38","0","1","0","0","107","15674.11"
"09/06/2025 00:00:00","Monday","4.00","102","82","20","0","95.33","175","4","0","15516.73","2311.70","0.00","0.00","17828.43","17828.43","2146609.89","273957.13","4054.00","2424621.02","0.00","2424621.02","152.12","160.38","145.02","0","1","0","0","107","16358.99"
"10/06/2025 00:00:00","Tuesday","0.00","106","70","36","0","99.07","185","3","0","19057.14","2246.50","0.00","0.00","21303.64","21303.64","2165667.03","276203.63","4054.00","2445924.66","0.00","2445924.66","179.78","189.63","178.10","0","1","0","0","107","20100.26"
"11/06/2025 00:00:00","Wednesday","-1.00","106","74","32","0","99.07","179","5","0","19780.84","2298.90","0.00","0.00","22079.74","22079.74","2185447.87","278502.53","4054.00","2468004.40","0.00","2468004.40","186.61","196.32","184.87","0","2","0","0","107","20809.93"
"12/06/2025 00:00:00","Thursday","4.00","99","76","23","0","92.52","174","4","0","16307.40","1899.00","0.00","0.00","18206.40","18206.40","2201755.27","280401.53","4054.00","2486210.80","0.00","2486210.80","164.72","173.64","152.41","0","4","0","0","107","17190.31"
"13/06/2025 00:00:00","Friday","1.00","104","67","37","0","97.20","192","4","0","22304.81","2214.00","0.00","0.00","24518.81","24518.81","2224060.08","282615.53","4054.00","2510729.61","0.00","2510729.61","214.47","216.35","208.46","0","2","0","0","107","22500.62"
"14/06/2025 00:00:00","Saturday","2.00","103","65","38","0","96.26","195","3","0","22978.14","2434.00","300.00","0.00","25712.14","25712.14","2247038.22","285049.53","4354.00","2536441.75","0.00","2536441.75","223.09","232.06","214.75","0","2","0","0","107","23902.14"
"15/06/2025 00:00:00","Sunday","2.00","102","68","34","0","95.33","182","2","0","16189.46","2297.95","0.00","0.00","18487.41","18487.41","2263227.68","287347.48","4354.00","2554929.16","0.00","2554929.16","158.72","168.71","151.30","0","3","0","0","107","17208.17"
"16/06/2025 00:00:00","Monday","6.00","98","62","36","0","91.59","159","2","0","14259.78","2015.20","0.00","0.00","16274.98","16274.98","2277487.46","289362.68","4354.00","2571204.14","0.00","2571204.14","145.51","153.51","133.27","0","3","0","0","107","15043.76"
"17/06/2025 00:00:00","Tuesday","4.00","102","63","39","0","95.33","166","5","0","18598.82","1867.80","0.00","0.00","20466.62","20466.62","2296086.28","291230.48","4354.00","2591670.76","0.00","2591670.76","182.34","192.23","173.82","0","1","0","0","107","19607.82"
"18/06/2025 00:00:00","Wednesday","1.00","105","72","33","0","98.13","174","7","0","17573.18","2767.35","0.00","0.00","20340.53","20340.53","2313659.46","293997.83","4354.00","2612011.29","0.00","2612011.29","167.36","174.20","164.24","0","1","0","0","107","18291.52"
"19/06/2025 00:00:00","Thursday","1.00","106","70","36","0","99.07","180","3","0","21209.39","2806.50","0.00","0.00","24015.89","24015.89","2334868.85","296804.33","4354.00","2636027.18","0.00","2636027.18","200.09","209.85","198.22","0","0","0","0","107","22244.39"
"20/06/2025 00:00:00","Friday","2.00","105","76","29","0","98.13","193","4","0","38331.82","1910.05","0.00","0.00","40241.87","40241.87","2373200.67","298714.38","4354.00","2676269.05","0.00","2676269.05","365.06","366.62","358.24","0","0","0","0","107","38495.27"
"21/06/2025 00:00:00","Saturday","0.00","107","82","25","0","100.00","208","1","0","34460.85","2373.55","0.00","0.00","36834.40","36834.40","2407661.52","301087.93","4354.00","2713103.45","0.00","2713103.45","322.06","322.19","322.06","0","0","0","0","107","34474.57"
"22/06/2025 00:00:00","Sunday","1.00","105","87","18","0","98.13","201","3","0","24245.25","3244.45","150.00","0.00","27639.70","27639.70","2431906.77","304332.38","4504.00","2740743.15","0.00","2740743.15","230.91","238.41","226.59","0","1","0","0","107","25033.25"
"23/06/2025 00:00:00","Monday","4.00","102","84","18","0","95.33","185","1","0","14357.26","2220.85","100.00","0.00","16678.11","16678.11","2446264.03","306553.23","4604.00","2757421.26","0.00","2757421.26","140.76","150.66","134.18","0","1","0","0","107","15367.27"
"24/06/2025 00:00:00","Tuesday","0.00","106","76","30","0","99.07","179","4","0","20010.99","2776.95","0.00","0.00","22787.94","22787.94","2466275.02","309330.18","4604.00","2780209.20","0.00","2780209.20","188.78","197.53","187.02","0","1","0","0","107","20937.97"
"25/06/2025 00:00:00","Wednesday","1.00","105","82","23","0","98.13","186","3","0","19970.09","2464.20","0.00","0.00","22434.29","22434.29","2486245.11","311794.38","4604.00","2802643.49","0.00","2802643.49","190.19","201.55","186.64","0","1","0","0","107","21163.09"
"26/06/2025 00:00:00","Thursday","3.00","104","85","19","0","97.20","188","0","0","16322.27","2576.60","10.00","0.00","18908.87","18908.87","2502567.38","314370.98","4614.00","2821552.36","0.00","2821552.36","156.94","165.55","152.54","0","0","0","0","107","17216.74"
"27/06/2025 00:00:00","Friday","2.00","105","95","10","0","98.13","192","8","0","24398.43","2221.35","0.00","0.00","26619.78","26619.78","2526965.81","316592.33","4614.00","2848172.14","0.00","2848172.14","232.37","236.07","228.02","0","0","0","0","107","24787.59"
"28/06/2025 00:00:00","Saturday","0.00","107","95","12","0","100.00","211","0","0","29864.99","2274.90","0.00","0.00","32139.89","32139.89","2556830.80","318867.23","4614.00","2880312.03","0.00","2880312.03","279.11","282.02","279.11","0","0","0","0","107","30176.41"
"29/06/2025 00:00:00","Sunday","6.00","101","93","8","0","94.39","193","1","0","14784.07","2041.55","0.00","0.00","16825.62","16825.62","2571614.87","320908.78","4614.00","2897137.65","0.00","2897137.65","146.38","154.36","138.17","0","0","0","0","107","15590.07"
"30/06/2025 00:00:00","Monday","2.00","105","99","6","0","98.13","195","6","0","21227.06","1495.80","0.00","0.00","22722.86","22722.86","2592841.93","322404.58","4614.00","2919860.51","0.00","2919860.51","202.16","199.37","198.38","0","0","0","0","107","20934.02"
"01/07/2025 00:00:00","Tuesday","3.00","104","86","18","0","97.20","194","6","0","15232.06","181.50","0.00","0.00","15413.56","15413.56","2608073.99","322586.08","4614.00","2935274.07","0.00","2935274.07","146.46","155.29","142.36","0","0","0","0","107","16150.16"
"02/07/2025 00:00:00","Wednesday","5.00","101","75","26","0","94.39","186","8","0","13847.88","1676.50","0.00","0.00","15524.38","15524.38","2621921.87","324262.58","4614.00","2950798.45","0.00","2950798.45","137.11","143.04","129.42","0","1","0","0","107","14447.19"
"03/07/2025 00:00:00","Thursday","1.00","104","76","28","0","97.20","197","5","0","14583.38","2098.80","0.00","0.00","16682.18","16682.18","2636505.25","326361.38","4614.00","2967480.63","0.00","2967480.63","140.22","145.49","136.29","0","2","0","0","107","15131.12"
"04/07/2025 00:00:00","Friday","2.00","104","70","34","0","97.20","203","8","0","21058.37","2044.75","0.00","0.00","23103.12","23103.12","2657563.62","328406.13","4614.00","2990583.75","0.00","2990583.75","202.48","210.23","196.81","0","1","0","0","107","21864.37"
"05/07/2025 00:00:00","Saturday","0.00","106","66","40","0","99.07","199","14","0","27429.32","2187.50","0.00","0.00","29616.82","29616.82","2684992.94","330593.63","4614.00","3020200.57","0.00","3020200.57","258.77","261.22","256.35","0","1","0","0","107","27689.12"
"06/07/2025 00:00:00","Sunday","0.00","105","97","8","0","99.07","184","15","0","13791.67","2397.50","0.00","0.00","16189.17","16189.17","2698784.61","332991.13","4614.00","3036389.74","0.00","3036389.74","131.35","137.41","128.89","0","1","0","0","107","14427.67"
"07/07/2025 00:00:00","Monday","6.00","100","76","24","0","93.46","175","4","0","12599.76","2885.40","150.00","0.00","15635.16","15635.16","2711384.37","335876.53","4764.00","3052024.90","0.00","3052024.90","126.00","135.29","117.75","0","1","0","0","107","13529.11"
"08/07/2025 00:00:00","Tuesday","3.00","103","76","27","0","96.26","188","6","0","14928.24","2446.15","100.00","0.00","17474.39","17474.39","2726312.61","338322.68","4864.00","3069499.29","0.00","3069499.29","144.93","154.36","139.52","0","1","0","0","107","15899.14"
"09/07/2025 00:00:00","Wednesday","8.00","98","76","22","0","91.59","179","5","0","12939.81","1773.30","0.00","0.00","14713.11","14713.11","2739252.42","340095.98","4864.00","3084212.40","0.00","3084212.40","132.04","139.56","120.93","0","1","0","0","107","13676.81"
"10/07/2025 00:00:00","Thursday","1.00","105","84","21","0","98.13","189","5","0","15497.34","2121.85","0.00","0.00","17619.19","17619.19","2754749.76","342217.83","4864.00","3101831.59","0.00","3101831.59","147.59","147.55","144.83","0","1","0","0","107","15492.86"
"11/07/2025 00:00:00","Friday","4.00","102","67","35","0","95.33","185","7","0","19796.87","1972.75","10.00","0.00","21779.62","21779.62","2774546.63","344190.58","4874.00","3123611.21","0.00","3123611.21","194.09","201.59","185.02","0","1","0","0","107","20562.57"
"12/07/2025 00:00:00","Saturday","2.00","104","66","38","0","97.20","195","6","0","25108.79","2433.40","0.00","0.00","27542.19","27542.19","2799655.42","346623.98","4874.00","3151153.40","0.00","3151153.40","241.43","249.77","234.66","0","1","0","0","107","25975.79"
"13/07/2025 00:00:00","Sunday","2.00","104","77","27","0","97.20","188","6","0","13819.62","2207.95","0.00","0.00","16027.57","16027.57","2813475.04","348831.93","4874.00","3167180.97","0.00","3167180.97","132.88","141.25","129.16","0","1","0","0","107","14689.62"
"14/07/2025 00:00:00","Monday","5.00","100","69","31","0","93.46","166","9","0","13355.10","2097.15","5.00","0.00","15457.25","15457.25","2826830.14","350929.08","4879.00","3182638.22","0.00","3182638.22","133.55","138.79","124.81","0","2","0","0","107","13878.75"
"15/07/2025 00:00:00","Tuesday","2.00","103","73","30","0","96.26","180","8","0","13744.54","2280.30","0.00","0.00","16024.84","16024.84","2840574.68","353209.38","4879.00","3198663.06","0.00","3198663.06","133.44","145.15","128.45","0","2","0","0","107","14950.21"
"16/07/2025 00:00:00","Wednesday","2.00","103","81","22","0","96.26","185","5","0","14214.35","2437.80","0.00","0.00","16652.15","16652.15","2854789.03","355647.18","4879.00","3215315.21","0.00","3215315.21","138.00","151.10","132.84","0","2","0","0","107","15563.34"
"17/07/2025 00:00:00","Thursday","1.00","104","76","28","0","97.20","195","3","0","15707.28","2603.70","0.00","0.00","18310.98","18310.98","2870496.31","358250.88","4879.00","3233626.19","0.00","3233626.19","151.03","152.95","146.80","0","2","0","0","107","15906.57"
"18/07/2025 00:00:00","Friday","8.00","97","70","27","0","90.65","182","3","0","17026.48","1606.70","0.00","0.00","18633.18","18633.18","2887522.79","359857.58","4879.00","3252259.37","0.00","3252259.37","175.53","182.98","159.13","0","2","0","0","107","17749.48"
"19/07/2025 00:00:00","Saturday","0.00","105","89","16","0","99.07","196","3","0","24509.41","2292.85","0.00","0.00","26802.26","26802.26","2912032.20","362150.43","4879.00","3279061.63","0.00","3279061.63","233.42","239.87","229.06","0","1","0","0","107","25186.41"
"20/07/2025 00:00:00","Sunday","2.00","104","84","20","0","97.20","191","3","0","19190.79","3018.50","2.50","0.00","22211.79","22211.79","2931222.99","365168.93","4881.50","3301273.42","0.00","3301273.42","184.53","185.22","179.35","0","1","0","0","107","19263.14"
"21/07/2025 00:00:00","Monday","7.00","95","73","22","0","88.79","168","4","0","12488.18","1961.35","2.50","0.00","14452.03","14452.03","2943711.17","367130.28","4884.00","3315725.45","0.00","3315725.45","131.45","136.33","116.71","0","5","0","0","107","12951.53"
"22/07/2025 00:00:00","Tuesday","5.00","101","77","24","0","94.39","179","8","0","13907.42","2039.85","0.00","0.00","15947.27","15947.27","2957618.59","369170.13","4884.00","3331672.72","0.00","3331672.72","137.70","146.70","129.98","0","1","0","0","107","14816.76"
"23/07/2025 00:00:00","Wednesday","1.00","105","86","19","0","98.13","189","8","0","13709.36","1970.20","0.00","0.00","15679.56","15679.56","2971327.95","371140.33","4884.00","3347352.28","0.00","3347352.28","130.57","138.73","128.12","0","1","0","0","107","14566.92"
"24/07/2025 00:00:00","Thursday","1.00","105","85","20","0","98.13","182","8","0","14036.38","1848.10","0.00","0.00","15884.48","15884.48","2985364.33","372988.43","4884.00","3363236.76","0.00","3363236.76","133.68","144.31","131.18","0","1","0","0","107","15152.55"
"25/07/2025 00:00:00","Friday","2.00","104","75","29","0","97.20","187","7","0","17090.30","2033.70","0.00","0.00","19124.00","19124.00","3002454.63","375022.13","4884.00","3382360.76","0.00","3382360.76","164.33","174.50","159.72","0","1","0","0","107","18148.30"
"26/07/2025 00:00:00","Saturday","0.00","106","81","25","0","99.07","193","10","0","26724.75","2222.85","0.00","0.00","28947.60","28947.60","3029179.38","377244.98","4884.00","3411308.36","0.00","3411308.36","252.12","259.25","249.76","0","1","0","0","107","27480.26"
"27/07/2025 00:00:00","Sunday","1.00","105","92","13","0","98.13","186","13","0","20036.28","2241.05","10.00","0.00","22287.33","22287.33","3049215.66","379486.03","4894.00","3433595.69","0.00","3433595.69","190.82","198.03","187.25","0","1","0","0","107","20792.92"
"28/07/2025 00:00:00","Monday","19.00","86","71","15","0","80.37","148","15","0","10945.65","1705.45","0.00","0.00","12651.10","12651.10","3060161.31","381191.48","4894.00","3446246.79","0.00","3446246.79","127.28","131.99","102.30","0","2","0","0","107","11351.51"
"29/07/2025 00:00:00","Tuesday","5.00","100","87","13","0","93.46","181","8","0","13456.00","1782.45","0.00","0.00","15238.45","15238.45","3073617.31","382973.93","4894.00","3461485.24","0.00","3461485.24","134.56","143.78","125.76","0","2","0","0","107","14378.00"
"30/07/2025 00:00:00","Wednesday","-1.00","106","83","23","0","100.00","188","7","0","13822.71","2039.10","0.00","0.00","15861.81","15861.81","3087440.02","385013.03","4894.00","3477347.05","0.00","3477347.05","130.40","138.68","129.18","0","1","0","0","107","14700.14"
"31/07/2025 00:00:00","Thursday","6.00","100","73","27","0","93.46","178","4","0","13333.59","1851.20","0.00","0.00","15184.79","15184.79","3100773.61","386864.23","4894.00","3492531.84","0.00","3492531.84","133.34","142.38","124.61","0","1","0","0","107","14237.59"
"01/08/2025 00:00:00","Friday","3.00","103","85","18","0","96.26","191","6","0","17571.11","1825.40","0.00","0.00","19396.51","19396.51","3118344.72","388689.63","4894.00","3511928.35","0.00","3511928.35","170.59","171.20","164.22","0","1","0","0","107","17633.58"
"02/08/2025 00:00:00","Saturday","6.00","100","80","20","0","93.46","191","3","0","21041.25","1713.95","10.00","0.00","22765.20","22765.20","3139385.97","390403.58","4904.00","3534693.55","0.00","3534693.55","210.41","217.55","196.65","0","1","0","0","107","21755.24"
"03/08/2025 00:00:00","Sunday","0.00","106","84","22","0","99.07","197","4","0","14213.23","1668.40","0.00","0.00","15881.63","15881.63","3153599.20","392071.98","4904.00","3550575.18","0.00","3550575.18","134.09","138.34","132.83","0","1","0","0","107","14663.73"
"04/08/2025 00:00:00","Monday","10.00","96","67","29","0","89.72","178","7","0","12727.83","1600.40","100.00","0.00","14428.23","14428.23","3166327.03","393672.38","5004.00","3565003.41","0.00","3565003.41","132.58","135.80","118.95","0","1","0","0","107","13036.76"
"05/08/2025 00:00:00","Tuesday","3.00","103","64","39","0","96.26","180","9","0","14892.31","1893.60","0.00","0.00","16785.91","16785.91","3181219.34","395565.98","5004.00","3581789.32","0.00","3581789.32","144.59","148.86","139.18","0","1","0","0","107","15332.31"
"06/08/2025 00:00:00","Wednesday","2.00","104","75","29","0","97.20","184","8","0","15460.29","2108.45","0.00","0.00","17568.74","17568.74","3196679.63","397674.43","5004.00","3599358.06","0.00","3599358.06","148.66","155.19","144.49","0","1","0","0","107","16140.21"
"07/08/2025 00:00:00","Thursday","1.00","106","83","23","0","99.07","196","11","0","16542.54","2095.55","0.00","0.00","18638.09","18638.09","3213222.17","399769.98","5004.00","3617996.15","0.00","3617996.15","156.06","163.89","154.60","0","0","0","0","107","17372.54"
"08/08/2025 00:00:00","Friday","0.00","107","77","30","0","100.00","190","11","0","24064.24","2218.65","0.00","0.00","26282.89","26282.89","3237286.41","401988.63","5004.00","3644279.04","0.00","3644279.04","224.90","231.92","224.90","0","0","0","0","107","24815.24"
"09/08/2025 00:00:00","Saturday","0.00","107","62","45","0","100.00","197","7","0","28818.35","1873.80","1.00","0.00","30693.15","30693.15","3266104.76","403862.43","5005.00","3674972.19","0.00","3674972.19","269.33","278.82","269.33","0","0","0","0","107","29833.35"
"10/08/2025 00:00:00","Sunday","4.00","103","65","38","0","96.26","187","8","0","14466.56","2407.30","0.00","0.00","16873.86","16873.86","3280571.32","406269.73","5005.00","3691846.05","0.00","3691846.05","140.45","149.20","135.20","0","0","0","0","107","15367.57"
"11/08/2025 00:00:00","Monday","2.00","104","87","17","0","97.20","194","9","0","14215.30","2001.75","0.00","0.00","16217.05","16217.05","3294786.62","408271.48","5005.00","3708063.10","0.00","3708063.10","136.69","144.39","132.85","0","1","0","0","107","15016.30"
"12/08/2025 00:00:00","Tuesday","0.00","106","78","28","0","99.07","196","4","0","16101.03","1736.35","0.00","0.00","17837.38","17837.38","3310887.65","410007.83","5005.00","3725900.48","0.00","3725900.48","151.90","158.12","150.48","0","1","0","0","107","16760.34"
"13/08/2025 00:00:00","Wednesday","1.00","106","77","29","0","99.07","188","9","0","15656.43","1344.45","0.00","0.00","17000.88","17000.88","3326544.08","411352.28","5005.00","3742901.36","0.00","3742901.36","147.70","156.75","146.32","0","0","0","0","107","16615.43"
"14/08/2025 00:00:00","Thursday","0.00","107","86","21","0","100.00","196","7","0","16751.43","2076.05","10.00","0.00","18837.48","18837.48","3343295.51","413428.33","5015.00","3761738.84","0.00","3761738.84","156.56","158.00","156.56","0","0","0","0","107","16906.37"
"15/08/2025 00:00:00","Friday","7.00","100","75","25","0","93.46","190","4","0","20867.47","2085.10","0.00","0.00","22952.57","22952.57","3364162.98","415513.43","5015.00","3784691.41","0.00","3784691.41","208.67","208.88","195.02","0","0","0","0","107","20888.47"
"16/08/2025 00:00:00","Saturday","1.00","106","83","23","0","99.07","205","4","0","38281.98","1707.70","0.00","0.00","39989.68","39989.68","3402444.96","417221.13","5015.00","3824681.09","0.00","3824681.09","361.15","363.12","357.78","0","0","0","0","107","38490.98"
"17/08/2025 00:00:00","Sunday","5.00","101","93","8","0","95.33","193","1","0","28105.31","1949.90","0.00","0.00","30055.21","30055.21","3430550.27","419171.03","5015.00","3854736.30","0.00","3854736.30","278.27","277.61","262.67","0","0","0","0","107","28038.37"
"18/08/2025 00:00:00","Monday","5.00","102","85","17","0","95.33","184","3","0","14740.81","1776.80","2.50","0.00","16520.11","16520.11","3445291.08","420947.83","5017.50","3871256.41","0.00","3871256.41","144.52","146.30","137.76","0","0","0","0","107","14923.06"
"19/08/2025 00:00:00","Tuesday","1.00","106","78","28","0","99.07","201","5","0","16374.69","1422.75","0.55","0.00","17797.99","17797.99","3461665.77","422370.58","5018.05","3889054.40","0.00","3889054.40","154.48","157.02","153.03","0","0","0","0","107","16644.59"
"20/08/2025 00:00:00","Wednesday","1.00","104","76","28","0","97.20","188","6","0","18779.06","2783.75","0.00","0.00","21562.81","21562.81","3480444.83","425154.33","5018.05","3910617.21","0.00","3910617.21","180.57","187.53","175.51","0","2","0","0","107","19503.06"
"21/08/2025 00:00:00","Thursday","2.00","103","82","21","0","96.26","187","4","0","19843.65","2039.75","0.00","0.00","21883.40","21883.40","3500288.48","427194.08","5018.05","3932500.61","0.00","3932500.61","192.66","199.68","185.45","0","2","0","0","107","20567.52"
"22/08/2025 00:00:00","Friday","1.00","106","95","11","0","99.07","207","3","0","30851.70","1985.55","0.00","0.00","32837.25","32837.25","3531140.18","429179.63","5018.05","3965337.86","0.00","3965337.86","291.05","296.15","288.33","0","0","0","0","107","31391.60"
"23/08/2025 00:00:00","Saturday","0.00","106","99","7","0","99.07","210","3","0","43738.10","2679.45","0.00","0.00","46417.55","46417.55","3574878.28","431859.08","5018.05","4011755.41","0.00","4011755.41","412.62","418.75","408.77","0","1","0","0","107","44387.10"
"24/08/2025 00:00:00","Sunday","4.00","102","92","10","0","95.33","191","8","0","15408.59","1831.00","2.50","0.00","17242.09","17242.09","3590286.87","433690.08","5020.55","4028997.50","0.00","4028997.50","151.06","156.69","144.01","0","1","0","0","107","15981.88"
"25/08/2025 00:00:00","Monday","2.00","104","92","12","0","97.20","188","6","0","14661.81","1673.85","0.00","0.00","16335.66","16335.66","3604948.68","435363.93","5020.55","4045333.16","0.00","4045333.16","140.98","150.85","137.03","0","1","0","0","107","15688.67"
"26/08/2025 00:00:00","Tuesday","2.00","104","88","16","0","97.20","186","4","0","15219.51","1613.70","0.00","0.00","16833.21","16833.21","3620168.19","436977.63","5020.55","4062166.37","0.00","4062166.37","146.34","152.81","142.24","0","1","0","0","107","15891.76"
"27/08/2025 00:00:00","Wednesday","1.00","105","92","13","0","98.13","183","3","0","15692.58","1580.10","0.00","0.00","17272.68","17272.68","3635860.77","438557.73","5020.55","4079439.05","0.00","4079439.05","149.45","157.99","146.66","0","1","0","0","107","16588.58"
"28/08/2025 00:00:00","Thursday","0.00","107","88","19","0","100.00","196","3","0","16407.57","1801.80","0.00","0.00","18209.37","18209.37","3652268.34","440359.53","5020.55","4097648.42","0.00","4097648.42","153.34","161.68","153.34","0","0","0","0","107","17299.57"
"29/08/2025 00:00:00","Friday","2.00","105","84","21","0","98.13","196","0","0","20175.70","2183.70","0.00","0.00","22359.40","22359.40","3672444.04","442543.23","5020.55","4120007.82","0.00","4120007.82","192.15","199.72","188.56","0","0","0","0","107","20970.44"
"30/08/2025 00:00:00","Saturday","3.00","104","87","17","0","97.20","197","0","0","21400.25","1879.30","0.00","0.00","23279.55","23279.55","3693844.29","444422.53","5020.55","4143287.37","0.00","4143287.37","205.77","213.86","200.00","0","0","0","0","107","22241.25"
"31/08/2025 00:00:00","Sunday","3.00","103","88","15","0","96.26","182","1","0","13136.38","1842.65","0.00","0.00","14979.03","14979.03","3706980.67","446265.18","5020.55","4158266.40","0.00","4158266.40","127.54","131.51","122.77","0","1","0","0","107","13545.43"
"01/09/2025 00:00:00","Monday","2.00","104","89","15","0","97.20","178","2","0","14243.85","1706.60","0.00","0.00","15950.45","15950.45","3721224.52","447971.78","5020.55","4174216.85","0.00","4174216.85","136.96","140.93","133.12","0","1","0","0","107","14656.36"
"02/09/2025 00:00:00","Tuesday","4.00","102","81","21","0","95.33","173","2","0","16150.73","2044.75","1.30","0.00","18196.78","18196.78","3737375.25","450016.53","5021.85","4192413.63","0.00","4192413.63","158.34","163.03","150.94","0","1","0","0","107","16629.52"
"03/09/2025 00:00:00","Wednesday","1.00","106","83","23","0","99.07","184","0","0","16670.23","2242.65","0.00","0.00","18912.88","18912.88","3754045.48","452259.18","5021.85","4211326.51","0.00","4211326.51","157.27","166.99","155.80","0","0","0","0","107","17701.23"
"04/09/2025 00:00:00","Thursday","3.00","104","80","24","0","97.20","181","0","0","17989.76","1749.70","0.00","0.00","19739.46","19739.46","3772035.24","454008.88","5021.85","4231065.97","0.00","4231065.97","172.98","170.54","168.13","0","0","0","0","107","17736.55"
"05/09/2025 00:00:00","Friday","0.00","107","70","37","0","100.00","193","0","0","25132.11","1920.35","0.00","0.00","27052.46","27052.46","3797167.35","455929.23","5021.85","4258118.43","0.00","4258118.43","234.88","237.88","234.88","0","0","0","0","107","25453.03"
"06/09/2025 00:00:00","Saturday","0.00","107","64","43","0","100.00","196","0","0","26805.48","2276.25","0.00","0.00","29081.73","29081.73","3823972.83","458205.48","5021.85","4287200.16","0.00","4287200.16","250.52","261.85","250.52","0","0","0","0","107","28017.48"
"07/09/2025 00:00:00","Sunday","6.00","101","80","21","0","94.39","182","2","0","14659.15","2047.55","0.00","0.00","16706.70","16706.70","3838631.98","460253.03","5021.85","4303906.86","0.00","4303906.86","145.14","153.10","137.00","0","0","0","0","107","15463.05"
"08/09/2025 00:00:00","Monday","3.00","103","85","18","0","96.26","171","0","0","15120.21","2212.20","0.00","0.00","17332.41","17332.41","3853752.19","462465.23","5021.85","4321239.27","0.00","4321239.27","146.80","154.29","141.31","0","1","0","0","107","15891.95"
"09/09/2025 00:00:00","Tuesday","1.00","104","89","15","0","98.13","186","0","0","16927.66","2158.90","0.00","0.00","19086.56","19086.56","3870679.85","464624.13","5021.85","4340325.83","0.00","4340325.83","162.77","165.91","158.20","0","1","0","0","107","17254.66"
"10/09/2025 00:00:00","Wednesday","0.00","106","85","21","0","99.07","187","0","0","17824.71","2014.75","2.50","0.00","19841.96","19841.96","3888504.56","466638.88","5024.35","4360167.79","0.00","4360167.79","168.16","174.56","166.59","0","1","0","0","107","18503.38"
"11/09/2025 00:00:00","Thursday","2.00","104","89","15","0","97.20","176","0","0","17851.04","2308.45","2.50","0.00","20161.99","20161.99","3906355.60","468947.33","5026.85","4380329.78","0.00","4380329.78","171.64","179.06","166.83","0","1","0","0","107","18622.66"
"12/09/2025 00:00:00","Friday","1.00","104","50","54","0","97.20","184","0","0","21695.27","2585.10","0.00","0.00","24280.37","24280.37","3928050.87","471532.43","5026.85","4404610.15","0.00","4404610.15","208.61","221.20","202.76","0","2","0","0","107","23005.14"
"13/09/2025 00:00:00","Saturday","0.00","105","35","70","0","98.13","193","0","0","24440.61","2902.85","0.00","0.00","27343.46","27343.46","3952491.48","474435.28","5026.85","4431953.61","0.00","4431953.61","232.77","246.82","228.42","0","2","0","0","107","25916.61"
"14/09/2025 00:00:00","Sunday","6.00","98","84","14","0","91.59","179","1","0","12814.64","2093.70","0.00","0.00","14908.34","14908.34","3965306.12","476528.98","5026.85","4446861.95","0.00","4446861.95","130.76","136.95","119.76","0","3","0","0","107","13420.64"
"15/09/2025 00:00:00","Monday","2.00","104","90","14","0","97.20","181","1","0","15094.49","2001.55","160.00","0.00","17256.04","17256.04","3980400.61","478530.53","5186.85","4464117.99","0.00","4464117.99","145.14","148.78","141.07","0","1","0","0","107","15473.39"
"16/09/2025 00:00:00","Tuesday","0.00","106","92","14","0","99.07","179","0","0","16969.48","1667.05","2.50","0.00","18639.03","18639.03","3997370.09","480197.58","5189.35","4482757.02","0.00","4482757.02","160.09","161.92","158.59","0","1","0","0","107","17163.68"
"17/09/2025 00:00:00","Wednesday","0.00","106","83","23","0","99.07","173","1","0","18739.82","2006.05","0.00","0.00","20745.87","20745.87","4016109.91","482203.63","5189.35","4503502.89","0.00","4503502.89","176.79","176.51","175.14","0","1","0","0","107","18709.62"
"18/09/2025 00:00:00","Thursday","1.00","105","79","26","0","98.13","181","0","0","20164.93","1878.25","0.00","0.00","22043.18","22043.18","4036274.84","484081.88","5189.35","4525546.07","0.00","4525546.07","192.05","199.29","188.46","0","1","0","0","107","20925.93"
"19/09/2025 00:00:00","Friday","3.00","104","77","27","0","97.20","191","1","0","23140.48","2210.25","2.00","0.00","25352.73","25352.73","4059415.32","486292.13","5191.35","4550898.80","0.00","4550898.80","222.50","227.45","216.27","0","0","0","0","107","23655.08"
"20/09/2025 00:00:00","Saturday","1.00","106","88","18","0","99.07","198","3","0","27595.63","1906.40","0.00","0.00","29502.03","29502.03","4087010.95","488198.53","5191.35","4580400.83","0.00","4580400.83","260.34","268.44","257.90","0","0","0","0","107","28454.63"
"21/09/2025 00:00:00","Sunday","7.00","96","83","13","0","89.72","173","1","0","13508.06","2132.85","50.00","0.00","15690.91","15690.91","4100519.01","490331.38","5241.35","4596091.74","0.00","4596091.74","140.71","147.90","126.24","0","4","0","0","107","14198.06"
"22/09/2025 00:00:00","Monday","0.00","105","93","12","0","98.13","186","1","0","14683.51","2367.10","0.00","0.00","17050.61","17050.61","4115202.52","492698.48","5241.35","4613142.35","0.00","4613142.35","139.84","148.45","137.23","0","2","0","0","107","15587.62"
"23/09/2025 00:00:00","Tuesday","1.00","106","86","20","0","99.07","184","1","0","18967.87","2508.90","0.00","0.00","21476.77","21476.77","4134170.39","495207.38","5241.35","4634619.12","0.00","4634619.12","178.94","179.56","177.27","0","0","0","0","107","19033.12"
"24/09/2025 00:00:00","Wednesday","1.00","106","80","26","0","99.07","187","0","0","21322.08","3369.70","0.00","0.00","24691.78","24691.78","4155492.47","498577.08","5241.35","4659310.90","0.00","4659310.90","201.15","213.38","199.27","0","0","0","0","107","22617.99"
"25/09/2025 00:00:00","Thursday","0.00","107","71","36","0","100.00","194","2","0","22694.61","2875.50","150.00","0.00","25720.11","25720.11","4178187.08","501452.58","5391.35","4685031.01","0.00","4685031.01","212.10","225.10","212.10","0","0","0","0","107","24085.62"
"26/09/2025 00:00:00","Friday","2.00","105","76","29","0","98.13","193","3","0","29856.68","2947.60","0.00","0.00","32804.28","32804.28","4208043.76","504400.18","5391.35","4717835.29","0.00","4717835.29","284.35","296.85","279.03","0","0","0","0","107","31169.68"
"27/09/2025 00:00:00","Saturday","1.00","106","82","24","0","99.07","199","3","0","40451.22","2048.00","0.00","0.00","42499.22","42499.22","4248494.98","506448.18","5391.35","4760334.51","0.00","4760334.51","381.62","380.03","378.05","0","0","0","0","107","40282.95"
"28/09/2025 00:00:00","Sunday","0.00","107","89","18","0","100.00","194","3","0","39015.42","1844.90","300.00","0.00","41160.32","41160.32","4287510.40","508293.08","5691.35","4801494.83","0.00","4801494.83","364.63","366.07","364.63","0","0","0","0","107","39169.08"
"29/09/2025 00:00:00","Monday","3.00","102","90","12","0","95.33","177","4","0","20502.51","1880.80","0.00","0.00","22383.31","22383.31","4308012.91","510173.88","5691.35","4823878.14","0.00","4823878.14","201.01","207.34","191.61","0","2","0","0","107","21148.51"
"30/09/2025 00:00:00","Tuesday","2.00","103","74","29","0","96.26","171","3","0","17381.65","1111.00","0.00","0.00","18492.65","18492.65","4325394.56","511284.88","5691.35","4842370.79","0.00","4842370.79","168.75","177.35","162.45","0","2","0","0","107","18266.65"
"01/10/2025 00:00:00","Wednesday","7.00","99","82","17","0","92.52","163","1","0","12048.03","1028.00","0.00","0.00","13076.03","13076.03","4337442.59","512312.88","5691.35","4855446.82","0.00","4855446.82","121.70","129.77","112.60","0","1","0","0","107","12847.03"
"02/10/2025 00:00:00","Thursday","3.00","103","75","28","0","96.26","187","0","0","15123.51","1133.00","0.00","0.00","16256.51","16256.51","4352566.10","513445.88","5691.35","4871703.33","0.00","4871703.33","146.83","157.13","141.34","0","1","0","0","107","16184.51"
"03/10/2025 00:00:00","Friday","8.00","98","59","39","0","91.59","178","1","0","19854.17","1290.00","0.00","0.00","21144.17","21144.17","4372420.27","514735.88","5691.35","4892847.50","0.00","4892847.50","202.59","214.94","185.55","0","1","0","0","107","21064.17"
"04/10/2025 00:00:00","Saturday","2.00","104","63","41","0","97.20","190","1","0","23019.05","1292.00","0.00","0.00","24311.05","24311.05","4395439.32","516027.88","5691.35","4917158.55","0.00","4917158.55","221.34","232.84","215.13","0","1","0","0","107","24215.05"
"05/10/2025 00:00:00","Sunday","30.00","76","60","16","0","71.03","146","0","0","8937.42","510.00","0.00","0.00","9447.42","9447.42","4404376.74","516537.88","5691.35","4926605.97","0.00","4926605.97","117.60","124.31","83.53","0","1","0","0","107","9447.42"
"06/10/2025 00:00:00","Monday","6.00","87","76","11","0","81.31","152","4","0","10544.35","1189.00","0.00","0.00","11733.35","11733.35","4414921.09","517726.88","5691.35","4938339.32","0.00","4938339.32","121.20","129.21","98.55","0","14","0","0","107","11241.35"
"07/10/2025 00:00:00","Tuesday","14.00","80","71","9","0","74.77","139","5","0","9772.66","674.00","0.00","0.00","10446.66","10446.66","4424693.75","518400.88","5691.35","4948785.98","0.00","4948785.98","122.16","129.38","91.33","0","13","0","0","107","10350.66"
"08/10/2025 00:00:00","Wednesday","12.00","94","78","16","0","87.85","162","5","0","12509.53","747.00","0.00","0.00","13256.53","13256.53","4437203.28","519147.88","5691.35","4962042.51","0.00","4962042.51","133.08","139.37","116.91","0","1","0","0","107","13100.53"
"09/10/2025 00:00:00","Thursday","12.00","94","73","21","0","87.85","165","3","0","12728.91","564.00","0.00","0.00","13292.91","13292.91","4449932.19","519711.88","5691.35","4975335.42","0.00","4975335.42","135.41","140.65","118.96","0","1","0","0","107","13220.91"
"10/10/2025 00:00:00","Friday","6.00","100","76","24","0","93.46","188","2","0","20492.54","577.00","0.00","0.00","21069.54","21069.54","4470424.73","520288.88","5691.35","4996404.96","0.00","4996404.96","204.93","209.82","191.52","0","1","0","0","107","20981.54"
"11/10/2025 00:00:00","Saturday","1.00","105","74","31","0","98.13","193","4","0","25538.36","913.00","0.00","0.00","26451.36","26451.36","4495963.09","521201.88","5691.35","5022856.32","0.00","5022856.32","243.22","251.73","238.68","0","1","0","0","107","26431.36"
"12/10/2025 00:00:00","Sunday","30.00","76","58","18","0","71.03","132","3","0","9329.14","789.00","0.00","0.00","10118.14","10118.14","4505292.23","521990.88","5691.35","5032974.46","0.00","5032974.46","122.75","132.82","87.19","0","1","0","0","107","10094.14"
"13/10/2025 00:00:00","Monday","25.00","81","61","20","0","75.70","123","3","0","10110.22","1010.00","0.00","0.00","11120.22","11120.22","4515402.45","523000.88","5691.35","5044094.68","0.00","5044094.68","124.82","136.99","94.49","0","1","0","0","107","11096.22"
"14/10/2025 00:00:00","Tuesday","16.00","90","70","20","0","84.11","138","2","0","11522.47","953.00","0.00","0.00","12475.47","12475.47","4526924.92","523953.88","5691.35","5056570.15","0.00","5056570.15","128.03","137.82","107.69","0","1","0","0","107","12403.47"
"15/10/2025 00:00:00","Wednesday","27.00","79","65","14","0","73.83","132","1","0","9447.53","675.00","0.00","0.00","10122.53","10122.53","4536372.45","524628.88","5691.35","5066692.68","0.00","5066692.68","119.59","128.13","88.29","0","1","0","0","107","10122.53"
"16/10/2025 00:00:00","Thursday","25.00","81","57","24","0","75.70","145","1","0","10642.03","1027.00","0.00","0.00","11669.03","11669.03","4547014.48","525655.88","5691.35","5078361.71","0.00","5078361.71","131.38","141.40","99.46","0","1","0","0","107","11453.03"
"17/10/2025 00:00:00","Friday","10.00","96","67","29","0","89.72","176","0","0","16980.28","987.00","0.00","0.00","17967.28","17967.28","4563994.76","526642.88","5691.35","5096328.99","0.00","5096328.99","176.88","186.41","158.69","0","1","0","0","107","17895.28"
"18/10/2025 00:00:00","Saturday","17.00","89","62","27","0","83.18","166","0","0","18950.05","1034.00","0.00","0.00","19984.05","19984.05","4582944.81","527676.88","5691.35","5116313.04","0.00","5116313.04","212.92","221.30","177.10","0","1","0","0","107","19696.05"
"19/10/2025 00:00:00","Sunday","43.00","63","42","21","0","58.88","109","2","0","7206.78","441.00","0.00","0.00","7647.78","7647.78","4590151.59","528117.88","5691.35","5123960.82","0.00","5123960.82","114.39","120.06","67.35","0","1","0","0","107","7563.78"
"20/10/2025 00:00:00","Monday","28.00","78","61","17","0","72.90","146","1","0","9419.25","413.00","0.00","0.00","9832.25","9832.25","4599570.84","528530.88","5691.35","5133793.07","0.00","5133793.07","120.76","125.75","88.03","0","1","0","0","107","9808.25"
"21/10/2025 00:00:00","Tuesday","37.00","69","52","17","0","64.49","131","1","0","8183.70","320.00","0.00","0.00","8503.70","8503.70","4607754.54","528850.88","5691.35","5142296.77","0.00","5142296.77","118.60","122.55","76.48","0","1","0","0","107","8455.70"
"22/10/2025 00:00:00","Wednesday","27.00","79","73","6","0","73.83","143","5","0","9972.19","177.00","0.00","0.00","10149.19","10149.19","4617726.73","529027.88","5691.35","5152445.96","0.00","5152445.96","126.23","128.17","93.20","0","1","0","0","107","10125.19"
"23/10/2025 00:00:00","Thursday","44.00","62","52","10","0","57.94","109","6","0","7257.34","351.00","0.00","0.00","7608.34","7608.34","4624984.07","529378.88","5691.35","5160054.30","0.00","5160054.30","117.05","121.17","67.83","0","1","0","0","107","7512.34"
"24/10/2025 00:00:00","Friday","16.00","90","69","21","0","84.11","159","7","0","15776.06","626.00","0.00","0.00","16402.06","16402.06","4640760.13","530004.88","5691.35","5176456.36","0.00","5176456.36","175.29","181.71","147.44","0","1","0","0","107","16354.06"
"25/10/2025 00:00:00","Saturday","5.00","101","73","28","0","94.39","176","7","0","24377.35","595.00","0.00","0.00","24972.35","24972.35","4665137.48","530599.88","5691.35","5201428.71","0.00","5201428.71","241.36","247.05","227.83","0","1","0","0","107","24952.35"
"26/10/2025 00:00:00","Sunday","26.00","80","65","15","0","74.77","135","6","0","13613.96","340.00","0.00","0.00","13953.96","13953.96","4678751.44","530939.88","5691.35","5215382.67","0.00","5215382.67","170.17","174.42","127.23","0","1","0","0","107","13953.96"
"27/10/2025 00:00:00","Monday","37.00","70","66","4","0","65.42","118","4","0","8493.84","211.00","0.00","0.00","8704.84","8704.84","4687245.28","531150.88","5691.35","5224087.51","0.00","5224087.51","121.34","124.01","79.38","0","0","0","0","107","8680.84"
"28/10/2025 00:00:00","Tuesday","41.00","66","62","4","0","61.68","107","3","0","7574.73","340.00","0.00","0.00","7914.73","7914.73","4694820.01","531490.88","5691.35","5232002.24","0.00","5232002.24","114.77","119.92","70.79","0","0","0","0","107","7914.73"
"29/10/2025 00:00:00","Wednesday","28.00","79","71","8","0","73.83","129","3","0","9631.19","510.00","0.00","0.00","10141.19","10141.19","4704451.20","532000.88","5691.35","5242143.43","0.00","5242143.43","121.91","128.12","90.01","0","0","0","0","107","10121.19"
"30/10/2025 00:00:00","Thursday","31.00","76","64","12","0","71.03","129","3","0","9225.68","326.00","0.00","0.00","9551.68","9551.68","4713676.88","532326.88","5691.35","5251695.11","0.00","5251695.11","121.39","125.42","86.22","0","0","0","0","107","9531.68"
"31/10/2025 00:00:00","Friday","27.00","80","66","14","0","74.77","148","3","0","12177.70","347.00","0.00","0.00","12524.70","12524.70","4725854.58","532673.88","5691.35","5264219.81","0.00","5264219.81","152.22","156.26","113.81","0","0","0","0","107","12500.70"
"01/11/2025 00:00:00","Saturday","46.00","61","53","8","0","57.01","108","2","0","10171.43","187.00","0.00","0.00","10358.43","10358.43","4736026.01","532860.88","5691.35","5274578.24","0.00","5274578.24","166.74","169.81","95.06","0","0","0","0","107","10358.43"
"02/11/2025 00:00:00","Sunday","70.00","37","34","3","0","34.58","66","0","0","3659.33","204.00","0.00","0.00","3863.33","3863.33","4739685.34","533064.88","5691.35","5278441.57","0.00","5278441.57","98.90","103.33","34.20","0","0","0","0","107","3823.33"
"03/11/2025 00:00:00","Monday","82.00","25","22","3","0","23.36","42","0","0","2491.84","160.00","0.00","0.00","2651.84","2651.84","4742177.18","533224.88","5691.35","5281093.41","0.00","5281093.41","99.67","105.11","23.29","0","0","0","0","107","2627.84"
"04/11/2025 00:00:00","Tuesday","75.00","32","21","11","0","29.91","54","0","0","3234.43","153.00","0.00","0.00","3387.43","3387.43","4745411.61","533377.88","5691.35","5284480.84","0.00","5284480.84","101.08","105.86","30.23","0","0","0","0","107","3387.43"
"05/11/2025 00:00:00","Wednesday","67.00","40","29","11","0","37.38","68","1","0","4102.32","271.00","0.00","0.00","4373.32","4373.32","4749513.93","533648.88","5691.35","5288854.16","0.00","5288854.16","102.56","109.33","38.34","0","0","0","0","107","4373.32"
"06/11/2025 00:00:00","Thursday","58.00","49","29","20","0","45.79","88","1","0","4966.01","442.00","0.00","0.00","5408.01","5408.01","4754479.94","534090.88","5691.35","5294262.17","0.00","5294262.17","101.35","108.63","46.41","0","0","0","0","107","5323.01"
"07/11/2025 00:00:00","Friday","21.00","86","57","29","0","80.37","159","4","0","13368.05","663.00","0.00","0.00","14031.05","14031.05","4767847.99","534753.88","5691.35","5308293.22","0.00","5308293.22","155.44","162.16","124.94","0","0","0","0","107","13946.05"
"08/11/2025 00:00:00","Saturday","11.00","96","70","26","0","89.72","184","2","0","17349.90","731.00","0.00","0.00","18080.90","18080.90","4785197.89","535484.88","5691.35","5326374.12","0.00","5326374.12","180.73","187.46","162.15","0","0","0","0","107","17995.90"
"09/11/2025 00:00:00","Sunday","57.00","50","31","19","0","46.73","85","1","0","5024.74","459.00","0.00","0.00","5483.74","5483.74","4790222.63","535943.88","5691.35","5331857.86","0.00","5331857.86","100.49","107.97","46.96","0","0","0","0","107","5398.74"
"10/11/2025 00:00:00","Monday","81.00","26","17","9","0","24.30","34","2","0","2584.50","327.00","0.00","0.00","2911.50","2911.50","4792807.13","536270.88","5691.35","5334769.36","0.00","5334769.36","99.40","109.21","24.15","0","0","0","0","107","2839.50"
"11/11/2025 00:00:00","Tuesday","69.00","38","25","13","0","35.51","59","1","0","3951.27","342.00","0.00","0.00","4293.27","4293.27","4796758.40","536612.88","5691.35","5339062.63","0.00","5339062.63","103.98","112.03","36.93","0","0","0","0","107","4257.27"
"12/11/2025 00:00:00","Wednesday","61.00","46","35","11","0","42.99","75","0","0","4859.97","201.00","0.00","0.00","5060.97","5060.97","4801618.37","536813.88","5691.35","5344123.60","0.00","5344123.60","105.65","108.98","45.42","0","0","0","0","107","5012.97"
"13/11/2025 00:00:00","Thursday","50.00","57","32","25","0","53.27","83","1","0","5925.17","408.00","0.00","0.00","6333.17","6333.17","4807543.54","537221.88","5691.35","5350456.77","0.00","5350456.77","103.95","111.11","55.38","0","0","0","0","107","6333.17"
"14/11/2025 00:00:00","Friday","28.00","79","41","38","0","73.83","132","0","0","13139.18","524.00","0.00","0.00","13663.18","13663.18","4820682.72","537745.88","5691.35","5364119.95","0.00","5364119.95","166.32","172.34","122.80","0","0","0","0","107","13615.18"
"15/11/2025 00:00:00","Saturday","4.00","103","58","45","0","96.26","183","0","0","19450.93","748.00","0.00","0.00","20198.93","20198.93","4840133.65","538493.88","5691.35","5384318.88","0.00","5384318.88","188.84","196.11","181.78","0","0","0","0","107","20198.93"
"16/11/2025 00:00:00","Sunday","88.00","19","17","2","0","17.76","34","1","0","1881.64","153.00","0.00","0.00","2034.64","2034.64","4842015.29","538646.88","5691.35","5386353.52","0.00","5386353.52","99.03","107.09","17.59","0","0","0","0","107","2034.64"
"17/11/2025 00:00:00","Monday","97.00","10","6","4","0","9.35","16","0","0","837.17","51.00","0.00","0.00","888.17","888.17","4842852.46","538697.88","5691.35","5387241.69","0.00","5387241.69","83.72","88.82","7.82","0","0","0","0","107","888.17"
"18/11/2025 00:00:00","Tuesday","97.00","10","8","2","0","9.35","15","0","0","913.26","85.00","0.00","0.00","998.26","998.26","4843765.72","538782.88","5691.35","5388239.95","0.00","5388239.95","91.33","99.83","8.54","0","0","0","0","107","998.26"
"19/11/2025 00:00:00","Wednesday","88.00","19","19","0","0","17.76","31","0","0","1812.75","181.00","0.00","0.00","1993.75","1993.75","4845578.47","538963.88","5691.35","5390233.70","0.00","5390233.70","95.41","99.88","16.94","0","0","0","0","107","1897.75"
"20/11/2025 00:00:00","Thursday","72.00","35","35","0","0","32.71","58","2","0","3493.61","100.00","0.00","0.00","3593.61","3593.61","4849072.08","539063.88","5691.35","5393827.31","0.00","5393827.31","99.82","102.67","32.65","0","0","0","0","107","3593.61"
"21/11/2025 00:00:00","Friday","19.00","88","56","32","0","82.24","166","1","0","14480.89","865.00","0.00","0.00","15345.89","15345.89","4863552.97","539928.88","5691.35","5409173.20","0.00","5409173.20","164.56","174.39","135.34","0","0","0","0","107","15345.89"
"22/11/2025 00:00:00","Saturday","5.00","102","63","39","0","95.33","192","1","0","20028.23","952.00","0.00","0.00","20980.23","20980.23","4883581.20","540880.88","5691.35","5430153.43","0.00","5430153.43","196.36","205.69","187.18","0","0","0","0","107","20980.23"
"23/11/2025 00:00:00","Sunday","69.00","38","31","7","0","35.51","74","3","0","4276.81","138.00","0.00","0.00","4414.81","4414.81","4887858.01","541018.88","5691.35","5434568.24","0.00","5434568.24","112.55","115.55","39.97","0","0","0","0","107","4390.81"
"24/11/2025 00:00:00","Monday","89.00","18","14","4","0","16.82","30","2","0","1838.80","167.00","0.00","0.00","2005.80","2005.80","4889696.81","541185.88","5691.35","5436574.04","0.00","5436574.04","102.16","105.49","17.19","0","0","0","0","107","1898.80"
"25/11/2025 00:00:00","Tuesday","85.00","22","20","2","0","20.56","37","0","0","2123.91","34.00","0.00","0.00","2157.91","2157.91","4891820.72","541219.88","5691.35","5438731.95","0.00","5438731.95","96.54","98.09","19.85","0","0","0","0","107","2157.91"
"26/11/2025 00:00:00","Wednesday","76.00","31","31","0","0","28.97","54","0","0","3100.61","101.00","0.00","0.00","3201.61","3201.61","4894921.33","541320.88","5691.35","5441933.56","0.00","5441933.56","100.02","103.28","28.98","0","0","0","0","107","3201.61"
"27/11/2025 00:00:00","Thursday","50.00","57","41","16","0","53.27","108","1","0","6146.10","648.00","0.00","0.00","6794.10","6794.10","4901067.43","541968.88","5691.35","5448727.66","0.00","5448727.66","107.83","116.67","57.44","0","0","0","0","107","6650.10"
"28/11/2025 00:00:00","Friday","24.00","83","52","31","0","77.57","158","2","0","12856.72","625.00","0.00","0.00","13481.72","13481.72","4913924.15","542593.88","5691.35","5462209.38","0.00","5462209.38","154.90","162.43","120.16","0","0","0","0","107","13481.72"
"29/11/2025 00:00:00","Saturday","21.00","86","57","29","0","80.37","170","1","0","15627.65","793.00","0.00","0.00","16420.65","16420.65","4929551.80","543386.88","5691.35","5478630.03","0.00","5478630.03","181.72","190.94","146.05","0","0","0","0","107","16420.65"
"30/11/2025 00:00:00","Sunday","73.00","34","17","17","0","31.78","62","0","0","3348.45","642.00","0.00","0.00","3990.45","3990.45","4932900.25","544028.88","5691.35","5482620.48","0.00","5482620.48","98.48","117.37","31.29","0","0","0","0","107","3990.45"
"01/12/2025 00:00:00","Monday","89.00","18","12","6","0","16.82","27","0","0","1712.15","100.00","0.00","0.00","1812.15","1812.15","4934612.40","544128.88","5691.35","5484432.63","0.00","5484432.63","95.12","100.68","16.00","0","0","0","0","107","1812.15"
"02/12/2025 00:00:00","Tuesday","78.00","29","19","10","0","27.10","47","0","0","2872.74","134.00","0.00","0.00","3006.74","3006.74","4937485.14","544262.88","5691.35","5487439.37","0.00","5487439.37","99.06","103.68","26.85","0","0","0","0","107","3006.74"
"03/12/2025 00:00:00","Wednesday","84.00","23","17","6","0","21.50","34","0","0","2212.15","119.00","0.00","0.00","2331.15","2331.15","4939697.29","544381.88","5691.35","5489770.52","0.00","5489770.52","96.18","101.35","20.67","0","0","0","0","107","2331.15"
"04/12/2025 00:00:00","Thursday","83.00","24","16","8","0","22.43","43","0","0","2511.20","58.00","0.00","0.00","2569.20","2569.20","4942208.49","544439.88","5691.35","5492339.72","0.00","5492339.72","104.63","106.05","23.47","0","0","0","0","107","2545.20"
"05/12/2025 00:00:00","Friday","47.00","60","38","22","0","56.07","114","2","0","9172.63","102.00","0.00","0.00","9274.63","9274.63","4951381.12","544541.88","5691.35","5501614.35","0.00","5501614.35","152.88","154.58","85.73","0","0","0","0","107","9274.63"
"06/12/2025 00:00:00","Saturday","36.00","71","38","33","0","66.36","137","2","0","12840.87","100.00","0.00","0.00","12940.87","12940.87","4964221.99","544641.88","5691.35","5514555.22","0.00","5514555.22","180.86","182.27","120.01","0","0","0","0","107","12940.87"
"07/12/2025 00:00:00","Sunday","73.00","34","23","11","0","31.78","68","1","0","3331.59","34.00","0.00","0.00","3365.59","3365.59","4967553.58","544675.88","5691.35","5517920.81","0.00","5517920.81","97.99","98.99","31.14","0","0","0","0","107","3365.59"
"08/12/2025 00:00:00","Monday","98.00","9","7","2","0","8.41","16","1","0","832.98","34.00","0.00","0.00","866.98","866.98","4968386.56","544709.88","5691.35","5518787.79","0.00","5518787.79","92.55","96.33","7.78","0","0","0","0","107","866.98"
"09/12/2025 00:00:00","Tuesday","98.00","9","9","0","0","8.41","16","1","0","1117.92","68.00","0.00","0.00","1185.92","1185.92","4969504.48","544777.88","5691.35","5519973.71","0.00","5519973.71","124.21","131.77","10.45","0","0","0","0","107","1185.92"
"10/12/2025 00:00:00","Wednesday","91.00","16","14","2","0","14.95","30","1","0","1472.88","134.00","0.00","0.00","1606.88","1606.88","4970977.36","544911.88","5691.35","5521580.59","0.00","5521580.59","92.06","100.43","13.77","0","0","0","0","107","1606.88"
"11/12/2025 00:00:00","Thursday","69.00","38","30","8","0","35.51","70","1","0","3736.30","253.00","0.00","0.00","3989.30","3989.30","4974713.66","545164.88","5691.35","5525569.89","0.00","5525569.89","98.32","104.98","34.92","0","0","0","0","107","3989.30"
"12/12/2025 00:00:00","Friday","60.00","47","31","16","0","43.93","92","2","0","6606.16","340.00","0.00","0.00","6946.16","6946.16","4981319.82","545504.88","5691.35","5532516.05","0.00","5532516.05","140.56","147.79","61.74","0","0","0","0","107","6946.16"
"13/12/2025 00:00:00","Saturday","35.00","72","51","21","0","67.29","147","2","0","14247.90","539.00","0.00","0.00","14786.90","14786.90","4995567.72","546043.88","5691.35","5547302.95","0.00","5547302.95","197.89","202.37","133.16","0","0","0","0","107","14570.90"
"14/12/2025 00:00:00","Sunday","89.00","18","9","9","0","16.82","34","0","0","1692.09","119.00","0.00","0.00","1811.09","1811.09","4997259.81","546162.88","5691.35","5549114.04","0.00","5549114.04","94.01","100.62","15.81","0","0","0","0","107","1811.09"
"15/12/2025 00:00:00","Monday","101.00","6","6","0","0","5.61","12","0","0","574.21","66.00","0.00","0.00","640.21","640.21","4997834.02","546228.88","5691.35","5549754.25","0.00","5549754.25","95.70","106.70","5.37","0","0","0","0","107","640.21"
"16/12/2025 00:00:00","Tuesday","78.00","29","29","0","0","27.10","56","1","0","2925.47","168.00","0.00","0.00","3093.47","3093.47","5000759.49","546396.88","5691.35","5552847.72","0.00","5552847.72","100.88","106.67","27.34","0","0","0","0","107","3093.47"
"17/12/2025 00:00:00","Wednesday","75.00","32","28","4","0","29.91","58","1","0","3208.36","153.00","0.00","0.00","3361.36","3361.36","5003967.85","546549.88","5691.35","5556209.08","0.00","5556209.08","100.26","103.79","29.98","0","0","0","0","107","3321.36"
"18/12/2025 00:00:00","Thursday","83.00","24","24","0","0","22.43","48","2","0","2438.22","170.00","0.00","0.00","2608.22","2608.22","5006406.07","546719.88","5691.35","5558817.30","0.00","5558817.30","101.59","108.68","22.79","0","0","0","0","107","2608.22"
"19/12/2025 00:00:00","Friday","77.00","30","25","5","0","28.04","57","2","0","3720.04","153.00","0.00","0.00","3873.04","3873.04","5010126.11","546872.88","5691.35","5562690.34","0.00","5562690.34","124.00","129.10","34.77","0","0","0","0","107","3873.04"
"20/12/2025 00:00:00","Saturday","67.00","40","35","5","0","37.38","77","1","0","6150.14","236.00","0.00","0.00","6386.14","6386.14","5016276.25","547108.88","5691.35","5569076.48","0.00","5569076.48","153.75","159.65","57.48","0","0","0","0","107","6386.14"
"21/12/2025 00:00:00","Sunday","84.00","23","20","3","0","21.50","44","1","0","1969.34","126.00","0.00","0.00","2095.34","2095.34","5018245.59","547234.88","5691.35","5571171.82","0.00","5571171.82","85.62","90.06","18.41","0","0","0","0","107","2071.34"
"22/12/2025 00:00:00","Monday","91.00","16","14","2","0","14.95","34","1","0","1382.48","68.00","0.00","0.00","1450.48","1450.48","5019628.07","547302.88","5691.35","5572622.30","0.00","5572622.30","86.41","90.66","12.92","0","0","0","0","107","1450.48"
"23/12/2025 00:00:00","Tuesday","102.00","5","5","0","0","4.67","10","0","0","419.31","34.00","0.00","0.00","453.31","453.31","5020047.38","547336.88","5691.35","5573075.61","0.00","5573075.61","83.86","90.66","3.92","0","0","0","0","107","453.31"
"24/12/2025 00:00:00","Wednesday","107.00","0","0","0","0","0.00","0","0","0","0.00","0.00","0.00","0.00","0.00","0.00","5020047.38","547336.88","5691.35","5573075.61","0.00","5573075.61","0.00","0.00","0.00","0","0","0","0","107","0.00"
"25/12/2025 00:00:00","Thursday","107.00","0","0","0","0","0.00","0","0","0","0.00","0.00","0.00","0.00","0.00","0.00","5020047.38","547336.88","5691.35","5573075.61","0.00","5573075.61","0.00","0.00","0.00","0","0","0","0","107","0.00"
"26/12/2025 00:00:00","Friday","107.00","0","0","0","0","0.00","0","0","0","0.00","0.00","0.00","0.00","0.00","0.00","5020047.38","547336.88","5691.35","5573075.61","0.00","5573075.61","0.00","0.00","0.00","0","0","0","0","107","0.00"
"27/12/2025 00:00:00","Saturday","107.00","0","0","0","0","0.00","0","0","0","0.00","0.00","0.00","0.00","0.00","0.00","5020047.38","547336.88","5691.35","5573075.61","0.00","5573075.61","0.00","0.00","0.00","0","0","0","0","107","0.00"
"28/12/2025 00:00:00","Sunday","107.00","0","0","0","0","0.00","0","0","0","0.00","0.00","0.00","0.00","0.00","0.00","5020047.38","547336.88","5691.35","5573075.61","0.00","5573075.61","0.00","0.00","0.00","0","0","0","0","107","0.00"
"29/12/2025 00:00:00","Monday","86.00","21","17","4","0","19.63","44","0","0","2567.88","289.00","0.00","0.00","2856.88","2856.88","5022615.26","547625.88","5691.35","5575932.49","0.00","5575932.49","122.28","135.09","24.00","0","0","0","0","107","2836.88"
"30/12/2025 00:00:00","Tuesday","85.00","22","18","4","0","20.56","44","0","0","2849.30","318.00","0.00","0.00","3167.30","3167.30","5025464.56","547943.88","5691.35","5579099.79","0.00","5579099.79","129.51","141.79","26.63","0","0","0","0","107","3119.30"
"31/12/2025 00:00:00","Wednesday","81.00","26","20","6","0","24.30","50","0","0","4854.79","202.00","0.00","0.00","5056.79","5056.79","5030319.35","548145.88","5691.35","5584156.58","0.00","5584156.58","186.72","193.72","45.37","0","0","0","0","107","5036.79"
