Date,DayOfWeek,Avail,Total,Indv,Multi,Blocks,Occ,Ad,Ch,Inf,Accomm,FB,Other,NonRevenue,TotalRevenue,GrandTotal,CumulativeAccomm,CumulativeFB,CumulativeOther,CumulativeTotalRevenue,CumulativeNonRevenue,CumulativeGrandTotal,ARR,APR,Yield,Blked,ROOS,DFS,Waitlist,InStock,RatePlanRevenue
01/01/2022 00:00,Saturday,12,84,74,10,0,78.5,160,0,0,8841.03,241.3,0,0,9082.33,9082.33,8841.03,241.3,0,9082.33,0,9082.33,105.25,100.91,82.63,0,11,0,0,107,8476.24
02/01/2022 00:00,Sunday,10,78,68,10,0,72.9,146,0,0,5090.23,163.2,0,0,5253.43,5253.43,13931.26,404.5,0,14335.76,0,14335.76,65.26,62.77,47.57,0,19,0,0,107,4896.06
03/01/2022 00:00,Monday,17,76,74,2,0,71.03,138,1,0,4834.24,140.7,50,0,5024.94,5024.94,18765.5,545.2,50,19360.7,0,19360.7,63.61,63.51,45.18,0,14,0,0,107,4827.1
04/01/2022 00:00,Tuesday,33,61,59,2,0,57.01,114,0,0,4195.61,192.7,150,0,4538.31,4538.31,22961.11,737.9,200,23899.01,0,23899.01,68.78,67.27,39.21,0,13,0,0,107,4103.39
05/01/2022 00:00,Wednesday,31,62,57,5,0,57.94,114,4,0,3986.54,253.3,0,0,4239.84,4239.84,26947.65,991.2,200,28138.85,0,28138.85,64.3,66.71,37.26,0,14,0,0,107,4136.04
06/01/2022 00:00,Thursday,28,67,63,4,0,62.62,125,2,0,4369.36,374.6,0,0,4743.96,4743.96,31317.01,1365.8,200,32882.81,0,32882.81,65.21,65.75,40.84,0,12,0,0,107,4404.94
07/01/2022 00:00,Friday,21,72,64,8,0,67.29,131,2,0,5805.73,370.9,0,0,6176.63,6176.63,37122.74,1736.7,200,39059.44,0,39059.44,80.64,80.18,54.26,0,14,0,0,107,5772.66
08/01/2022 00:00,Saturday,20,69,63,6,0,64.49,126,2,0,6315.77,287.7,100,0,6703.47,6703.47,43438.51,2024.4,300,45762.91,0,45762.91,91.53,91.28,59.03,0,18,0,0,107,6298.44
09/01/2022 00:00,Sunday,47,40,40,0,0,37.38,67,0,0,2479.83,187.2,300,0,2967.03,2967.03,45918.34,2211.6,600,48729.94,0,48729.94,62,63.22,23.18,0,20,0,0,107,2528.83
10/01/2022 00:00,Monday,55,36,36,0,0,33.64,58,1,0,2288.14,123.75,0,0,2411.89,2411.89,48206.48,2335.35,600,51141.83,0,51141.83,63.56,65.16,21.38,0,16,0,0,107,2345.64
11/01/2022 00:00,Tuesday,53,38,38,0,0,35.51,62,1,0,2439.71,135.9,0,0,2575.61,2575.61,50646.19,2471.25,600,53717.44,0,53717.44,64.2,62.61,22.8,0,16,0,0,107,2379.21
12/01/2022 00:00,Wednesday,49,41,39,2,0,38.32,65,0,0,2505,171.6,0,0,2676.6,2676.6,53151.19,2642.85,600,56394.04,0,56394.04,61.1,62.5,23.41,0,17,0,0,107,2562.5
13/01/2022 00:00,Thursday,44,48,48,0,0,44.86,76,0,0,3038.24,140.7,250,0,3428.94,3428.94,56189.43,2783.55,850,59822.98,0,59822.98,63.3,62.59,28.39,0,15,0,0,107,3004.22
14/01/2022 00:00,Friday,20,72,70,2,0,67.29,128,1,0,5984.11,269,0,0,6253.11,6253.11,62173.54,3052.55,850,66076.09,0,66076.09,83.11,81.23,55.93,0,15,0,0,107,5848.63
15/01/2022 00:00,Saturday,7,73,71,2,0,68.22,136,0,0,6791.73,298.2,0,0,7089.93,7089.93,68965.27,3350.75,850,73166.02,0,73166.02,93.04,94.46,63.47,0,27,0,0,107,6895.23
16/01/2022 00:00,Sunday,33,49,45,4,0,45.79,87,3,0,3261.11,251.6,150,0,3662.71,3662.71,72226.38,3602.35,1000,76828.73,0,76828.73,66.55,67.96,30.48,0,25,0,0,107,3330.11
17/01/2022 00:00,Monday,43,43,37,6,0,40.19,69,3,0,3105.18,63.8,300,0,3468.98,3468.98,75331.56,3666.15,1300,80297.71,0,80297.71,72.21,62.36,29.02,0,21,0,0,107,2681.36
18/01/2022 00:00,Tuesday,37,43,41,2,0,40.19,71,0,0,2975.64,95.5,-150,0,2921.14,2921.14,78307.2,3761.65,1150,83218.85,0,83218.85,69.2,65.98,27.81,0,27,0,0,107,2837.14
19/01/2022 00:00,Wednesday,45,49,47,2,0,45.79,80,1,0,3088.03,126.5,0,0,3214.53,3214.53,81395.23,3888.15,1150,86433.38,0,86433.38,63.02,62.09,28.86,0,13,0,0,107,3042.51
20/01/2022 00:00,Thursday,52,44,42,2,0,41.12,71,0,0,2530.92,73.9,0,0,2604.82,2604.82,83926.15,3962.05,1150,89038.2,0,89038.2,57.52,60.96,23.65,0,11,0,0,107,2682.19
21/01/2022 00:00,Friday,17,79,67,12,0,73.83,150,1,0,6630.14,265.4,150,0,7045.54,7045.54,90556.29,4227.45,1300,96083.74,0,96083.74,83.93,84.67,61.96,0,11,0,0,107,6688.68
22/01/2022 00:00,Saturday,5,91,73,18,0,85.05,173,1,0,9267.41,438,0,0,9705.41,9705.41,99823.7,4665.45,1300,105789.15,0,105789.15,101.84,103.1,86.61,0,11,0,0,107,9382.41
23/01/2022 00:00,Sunday,36,60,52,8,0,56.07,106,0,0,3828.46,227.1,0,0,4055.56,4055.56,103652.16,4892.55,1300,109844.71,0,109844.71,63.81,61.75,35.78,0,11,0,0,107,3704.94
24/01/2022 00:00,Monday,46,45,41,4,0,42.06,75,0,0,2679.54,126.5,0,0,2806.04,2806.04,106331.7,5019.05,1300,112650.75,0,112650.75,59.55,62.28,25.04,0,16,0,0,107,2802.65
25/01/2022 00:00,Tuesday,45,52,43,9,0,48.6,81,0,0,3140.02,247.6,0,0,3387.62,3387.62,109471.72,5266.65,1300,116038.37,0,116038.37,60.39,63.48,29.35,0,10,0,0,107,3301.02
26/01/2022 00:00,Wednesday,37,58,56,2,0,54.21,103,0,0,3618.7,153.5,0,0,3772.2,3772.2,113090.42,5420.15,1300,119810.57,0,119810.57,62.39,62.62,33.82,0,12,0,0,107,3631.91
27/01/2022 00:00,Thursday,16,78,73,5,0,72.9,139,0,0,4012.75,295.55,0,0,4308.3,4308.3,117103.17,5715.7,1300,124118.87,0,124118.87,51.45,59.83,37.5,0,13,0,0,107,4666.63
28/01/2022 00:00,Friday,9,77,72,5,0,71.96,143,1,0,7425.72,429.9,0,0,7855.62,7855.62,124528.89,6145.6,1300,131974.49,0,131974.49,96.44,89.19,69.4,0,21,0,0,107,6867.41
29/01/2022 00:00,Saturday,9,84,84,0,0,78.5,158,1,0,9193.38,525.2,0,0,9718.58,9718.58,133722.27,6670.8,1300,141693.07,0,141693.07,109.45,110.27,85.92,0,14,0,0,107,9262.38
30/01/2022 00:00,Sunday,23,70,70,0,0,65.42,124,0,0,4188.24,215.9,0,0,4404.14,4404.14,137910.51,6886.7,1300,146097.21,0,146097.21,59.83,60.49,39.14,0,14,0,0,107,4234.24
31/01/2022 00:00,Monday,26,64,64,0,0,59.81,107,0,0,4076.63,138,0,0,4214.63,4214.63,141987.14,7024.7,1300,150311.84,0,150311.84,63.7,63.66,38.1,0,17,0,0,107,4074.51
01/02/2022 00:00,Tuesday,10,81,74,7,0,75.7,132,0,0,5168.57,470.2,0,0,5638.77,5638.77,147155.71,7494.9,1300,155950.61,0,155950.61,63.81,65.66,48.3,0,16,0,0,107,5318.07
02/02/2022 00:00,Wednesday,19,75,73,2,0,70.09,133,0,0,4883.3,264.8,0,0,5148.1,5148.1,152039.01,7759.7,1300,161098.71,0,161098.71,65.11,66.49,45.64,0,13,0,0,107,4986.8
03/02/2022 00:00,Thursday,17,76,60,16,0,71.03,128,0,0,4908.15,376.95,0,0,5285.1,5285.1,156947.16,8136.65,1300,166383.81,0,166383.81,64.58,66.54,45.87,0,14,0,0,107,5057.21
04/02/2022 00:00,Friday,19,77,56,21,0,71.96,144,0,0,10719.54,651.3,0,0,11370.84,11370.84,167666.7,8787.95,1300,177754.65,0,177754.65,139.21,142.5,100.18,0,11,0,0,107,10972.54
05/02/2022 00:00,Saturday,17,79,54,25,0,73.83,148,0,0,15613.96,594,0,0,16207.96,16207.96,183280.66,9381.95,1300,193962.61,0,193962.61,197.65,198.4,145.92,0,11,0,0,107,15673.95
06/02/2022 00:00,Sunday,40,56,45,11,0,52.34,104,1,0,3883.43,412.5,0,0,4295.93,4295.93,187164.09,9794.45,1300,198258.54,0,198258.54,69.35,70.37,36.29,0,11,0,0,107,3940.93
07/02/2022 00:00,Monday,34,58,47,11,0,54.21,100,1,0,3820.99,166.6,0,0,3987.59,3987.59,190985.08,9961.05,1300,202246.13,0,202246.13,65.88,66.11,35.71,0,15,0,0,107,3834.2
08/02/2022 00:00,Tuesday,30,66,55,11,0,61.68,109,1,0,4279.47,309.1,0,0,4588.57,4588.57,195264.55,10270.15,1300,206834.7,0,206834.7,64.84,65.19,40,0,11,0,0,107,4302.62
09/02/2022 00:00,Wednesday,34,62,60,2,0,57.94,105,1,0,4088.98,172,0,0,4260.98,4260.98,199353.53,10442.15,1300,211095.68,0,211095.68,65.95,65.58,38.21,0,11,0,0,107,4066.13
10/02/2022 00:00,Thursday,30,64,62,2,0,59.81,114,1,0,4380.61,386.1,0,0,4766.71,4766.71,203734.14,10828.25,1300,215862.39,0,215862.39,68.45,68.17,40.94,0,13,0,0,107,4362.81
11/02/2022 00:00,Friday,12,81,71,10,0,75.7,154,1,0,8472.2,472.7,0,0,8944.9,8944.9,212206.34,11300.95,1300,224807.29,0,224807.29,104.6,105.21,79.18,0,14,0,0,107,8521.98
12/02/2022 00:00,Saturday,12,82,68,14,0,76.64,155,1,0,9810.47,436.75,0,0,10247.22,10247.22,222016.81,11737.7,1300,235054.51,0,235054.51,119.64,123.2,91.69,0,13,0,0,107,10102
13/02/2022 00:00,Sunday,22,72,58,14,0,67.29,135,0,0,5739.79,490.8,0,0,6230.59,6230.59,227756.6,12228.5,1300,241285.1,0,241285.1,79.72,78.47,53.64,0,13,0,0,107,5650.01
14/02/2022 00:00,Monday,25,71,67,4,0,66.36,128,1,0,5335.04,397,0,0,5732.04,5732.04,233091.64,12625.5,1300,247017.14,0,247017.14,75.14,74.06,49.86,0,11,0,0,107,5258.14
15/02/2022 00:00,Tuesday,14,78,64,14,0,72.9,123,1,0,5415.37,491.75,0,0,5907.12,5907.12,238507.01,13117.25,1300,252924.26,0,252924.26,69.43,69.96,50.61,0,15,0,0,107,5457.24
16/02/2022 00:00,Wednesday,17,76,71,5,0,71.03,130,1,0,5030.28,319.1,0,0,5349.38,5349.38,243537.29,13436.35,1300,258273.64,0,258273.64,66.19,69.46,47.01,0,14,0,0,107,5278.77
17/02/2022 00:00,Thursday,14,83,76,7,0,77.57,140,2,0,5812.13,495.5,0,0,6307.63,6307.63,249349.42,13931.85,1300,264581.27,0,264581.27,70.03,70.8,54.32,0,10,0,0,107,5876.52
18/02/2022 00:00,Friday,15,82,68,14,0,76.64,152,1,0,9129.59,513.9,0,0,9643.49,9643.49,258479.01,14445.75,1300,274224.76,0,274224.76,111.34,109.64,85.32,0,10,0,0,107,8990.58
19/02/2022 00:00,Saturday,14,84,72,12,0,78.5,162,2,0,10304.59,552.95,0,0,10857.54,10857.54,268783.6,14998.7,1300,285082.3,0,285082.3,122.67,123.91,96.3,0,9,0,0,107,10408.09
20/02/2022 00:00,Sunday,15,81,40,41,0,75.7,123,1,0,6580.64,1003.3,0,0,7583.94,7583.94,275364.24,16002,1300,292666.24,0,292666.24,81.24,87.35,61.5,0,11,0,0,107,7075.14
21/02/2022 00:00,Monday,12,79,40,39,0,73.83,115,2,0,6539.43,673.1,0,0,7212.53,7212.53,281903.67,16675.1,1300,299878.77,0,299878.77,82.78,86.04,61.12,0,16,0,0,107,6796.78
22/02/2022 00:00,Tuesday,1,96,45,51,0,89.72,132,1,0,7772.15,686.85,0,0,8459,8459,289675.82,17361.95,1300,308337.77,0,308337.77,80.96,85.91,72.64,0,10,0,0,107,8247.77
23/02/2022 00:00,Wednesday,8,89,46,43,0,83.18,127,1,0,7394.94,595.15,0,0,7990.09,7990.09,297070.76,17957.1,1300,316327.86,0,316327.86,83.09,87.87,69.11,0,10,0,0,107,7820.44
24/02/2022 00:00,Thursday,6,93,48,45,0,86.92,131,0,0,7633.13,833.2,0,0,8466.33,8466.33,304703.89,18790.3,1300,324794.19,0,324794.19,82.08,87.52,71.34,0,8,0,0,107,8139.13
25/02/2022 00:00,Friday,5,93,35,58,0,86.92,143,0,0,10730.14,799.35,0,0,11529.49,11529.49,315434.03,19589.65,1300,336323.68,0,336323.68,115.38,121.96,100.28,0,9,0,0,107,11342.04
26/02/2022 00:00,Saturday,9,90,68,22,0,84.11,171,1,0,11368.98,922.85,0,0,12291.83,12291.83,326803.01,20512.5,1300,348615.51,0,348615.51,126.32,129.04,106.25,0,8,0,0,107,11613.98
27/02/2022 00:00,Sunday,21,74,44,30,0,69.16,117,0,0,7185.32,649.1,0,0,7834.42,7834.42,333988.33,21161.6,1300,356449.93,0,356449.93,97.1,94.04,67.15,0,12,0,0,107,6959.32
28/02/2022 00:00,Monday,11,88,58,30,0,82.24,135,0,0,8951.19,685.8,0,0,9636.99,9636.99,342939.52,21847.4,1300,366086.92,0,366086.92,101.72,83.07,83.66,0,8,0,0,107,7309.86
01/03/2022 00:00,Tuesday,11,90,52,38,0,84.11,127,0,0,7008.81,593.4,150,0,7752.21,7752.21,349948.33,22440.8,1450,373839.13,0,373839.13,77.88,81.67,65.5,0,6,0,0,107,7350.31
02/03/2022 00:00,Wednesday,4,97,63,34,0,90.65,147,1,0,7764.27,679.5,21,0,8464.77,8464.77,357712.6,23120.3,1471,382303.9,0,382303.9,80.04,81.67,72.56,0,6,0,0,107,7922.24
03/03/2022 00:00,Thursday,1,100,61,39,0,93.46,156,1,0,8720.21,697.8,0,0,9418.01,9418.01,366432.81,23818.1,1471,391721.91,0,391721.91,87.2,92.38,81.5,0,6,0,0,107,9237.71
04/03/2022 00:00,Friday,3,97,56,41,0,91.59,158,1,0,11200.23,463.8,0,0,11664.03,11664.03,377633.04,24281.9,1471,403385.94,0,403385.94,115.47,120.28,104.68,0,6,0,0,107,11666.9
05/03/2022 00:00,Saturday,8,93,73,20,0,86.92,180,2,0,12748.62,403.25,0,0,13151.87,13151.87,390381.66,24685.15,1471,416537.81,0,416537.81,137.08,137.22,119.15,0,6,0,0,107,12761.24
06/03/2022 00:00,Sunday,13,87,67,20,0,81.31,162,1,0,6868.48,529.3,0,0,7397.78,7397.78,397250.14,25214.45,1471,423935.59,0,423935.59,78.95,80.53,64.19,0,7,0,0,107,7006.48
07/03/2022 00:00,Monday,14,83,71,12,0,77.57,145,1,0,6393.53,427.6,0,0,6821.13,6821.13,403643.67,25642.05,1471,430756.72,0,430756.72,77.03,75.94,59.75,0,10,0,0,107,6302.62
08/03/2022 00:00,Tuesday,5,94,77,17,0,87.85,155,1,0,7146.22,572.55,0,0,7718.77,7718.77,410789.89,26214.6,1471,438475.49,0,438475.49,76.02,79.33,66.79,0,8,0,0,107,7456.72
09/03/2022 00:00,Wednesday,7,92,82,10,0,85.98,145,0,0,7047.33,602.85,0,0,7650.18,7650.18,417837.22,26817.45,1471,446125.67,0,446125.67,76.6,79.03,65.86,0,8,0,0,107,7270.52
10/03/2022 00:00,Thursday,2,99,87,12,0,92.52,165,1,0,8050.53,1007.2,0,0,9057.73,9057.73,425887.75,27824.65,1471,455183.4,0,455183.4,81.32,81.27,75.24,0,6,0,0,107,8046.08
11/03/2022 00:00,Friday,1,100,82,18,0,93.46,183,2,0,15079.98,1174,0,0,16253.98,16253.98,440967.73,28998.65,1471,471437.38,0,471437.38,150.8,152.47,140.93,0,6,0,0,107,15246.98
12/03/2022 00:00,Saturday,3,98,86,12,0,91.59,186,1,0,18314.77,1565.95,0,0,19880.72,19880.72,459282.5,30564.6,1471,491318.1,0,491318.1,186.89,189.26,171.17,0,6,0,0,107,18547.77
13/03/2022 00:00,Sunday,8,92,84,8,0,85.98,169,1,0,8120.2,1470.6,0,0,9590.8,9590.8,467402.7,32035.2,1471,500908.9,0,500908.9,88.26,89.41,75.89,0,7,0,0,107,8225.42
14/03/2022 00:00,Monday,10,91,81,10,0,85.05,159,0,0,7382.66,520.95,0,0,7903.61,7903.61,474785.36,32556.15,1471,508812.51,0,508812.51,81.13,84.24,69,0,6,0,0,107,7665.96
15/03/2022 00:00,Tuesday,6,96,89,7,0,89.72,166,0,0,9070.7,151,0,0,9221.7,9221.7,483856.06,32707.15,1471,518034.21,0,518034.21,94.49,90.81,84.77,0,5,0,0,107,8717.85
16/03/2022 00:00,Wednesday,3,100,78,22,0,93.46,186,0,0,19988.17,1336.1,0,0,21324.27,21324.27,503844.23,34043.25,1471,539358.48,0,539358.48,199.88,204.14,186.81,0,4,0,0,107,20413.7
17/03/2022 00:00,Thursday,0,102,75,27,0,95.33,198,0,0,26924.21,1766.15,0,0,28690.36,28690.36,530768.44,35809.4,1471,568048.84,0,568048.84,263.96,267.01,251.63,0,5,0,0,107,27234.7
18/03/2022 00:00,Friday,2,100,60,40,0,93.46,195,0,0,25508.66,1294.7,0,0,26803.36,26803.36,556277.1,37104.1,1471,594852.2,0,594852.2,255.09,257.04,238.4,0,5,0,0,107,25704.16
19/03/2022 00:00,Saturday,2,100,61,39,0,93.46,196,0,0,25454.9,1439.75,0,0,26894.65,26894.65,581732,38543.85,1471,621746.85,0,621746.85,254.55,257.11,237.9,0,5,0,0,107,25710.9
20/03/2022 00:00,Sunday,0,94,81,13,0,87.85,175,1,0,8428.81,925.65,0,0,9354.46,9354.46,590160.81,39469.5,1471,631101.31,0,631101.31,89.67,91.87,78.77,0,13,0,0,107,8635.81
21/03/2022 00:00,Monday,10,91,78,13,0,85.05,154,0,0,6777.18,806.45,0,0,7583.63,7583.63,596937.99,40275.95,1471,638684.94,0,638684.94,74.47,78.14,63.34,0,6,0,0,107,7110.68
22/03/2022 00:00,Tuesday,2,99,77,22,0,92.52,155,0,0,7417.22,591.9,0,0,8009.12,8009.12,604355.21,40867.85,1471,646694.06,0,646694.06,74.92,79.51,69.32,0,6,0,0,107,7871.27
23/03/2022 00:00,Wednesday,6,96,76,20,0,89.72,166,0,0,8277.54,781.3,0,0,9058.84,9058.84,612632.75,41649.15,1471,655752.9,0,655752.9,86.22,86.18,77.36,0,5,0,0,107,8273.45
24/03/2022 00:00,Thursday,2,100,71,29,0,93.46,186,1,0,11126.03,1051.2,0,0,12177.23,12177.23,623758.78,42700.35,1471,667930.13,0,667930.13,111.26,113.33,103.98,0,5,0,0,107,11333.34
25/03/2022 00:00,Friday,4,99,63,36,0,92.52,173,1,0,17021.41,1741.2,0,0,18762.61,18762.61,640780.19,44441.55,1471,686692.74,0,686692.74,171.93,174.84,159.08,0,4,0,0,107,17308.91
26/03/2022 00:00,Saturday,1,102,65,37,0,95.33,188,2,0,20159.35,1669.75,0,0,21829.1,21829.1,660939.54,46111.3,1471,708521.84,0,708521.84,197.64,201.02,188.41,0,4,0,0,107,20504.35
27/03/2022 00:00,Sunday,7,95,86,9,0,88.79,170,1,0,7860.99,1078.7,0,0,8939.69,8939.69,668800.53,47190,1471,717461.53,0,717461.53,82.75,83.96,73.47,0,5,0,0,107,7975.82
28/03/2022 00:00,Monday,6,96,85,11,0,89.72,172,0,0,8143.75,373.15,0,0,8516.9,8516.9,676944.28,47563.15,1471,725978.43,0,725978.43,84.83,85.35,76.11,0,5,0,0,107,8193.45
29/03/2022 00:00,Tuesday,4,99,64,35,0,92.52,150,0,0,10084.79,730.9,0,0,10815.69,10815.69,687029.07,48294.05,1471,736794.12,0,736794.12,101.87,104.9,94.25,0,4,0,0,107,10385.29
30/03/2022 00:00,Wednesday,5,98,80,18,0,91.59,151,0,0,9298.68,814.3,0,0,10112.98,10112.98,696327.75,49108.35,1471,746907.1,0,746907.1,94.88,95.76,86.9,0,4,0,0,107,9384
31/03/2022 00:00,Thursday,0,103,83,20,0,96.26,157,0,0,10987.33,1002.1,0,0,11989.43,11989.43,707315.08,50110.45,1471,758896.53,0,758896.53,106.67,106.86,102.69,0,4,0,0,107,11006.64
01/04/2022 00:00,Friday,4,99,77,22,0,92.52,159,0,0,18046.42,964.05,0,0,19010.47,19010.47,725361.5,51074.5,1471,777907,0,777907,182.29,183.93,168.66,0,4,0,0,107,18209.33
02/04/2022 00:00,Saturday,4,99,73,26,0,92.52,164,5,0,19858.79,1195.75,150,0,21204.54,21204.54,745220.29,52270.25,1621,799111.54,0,799111.54,200.59,202,185.6,0,4,0,0,107,19997.69
03/04/2022 00:00,Sunday,20,83,80,3,0,77.57,149,1,0,8059,582.85,0,0,8641.85,8641.85,753279.29,52853.1,1621,807753.39,0,807753.39,97.1,101.45,75.32,0,4,0,0,107,8420
04/04/2022 00:00,Monday,4,99,85,14,0,92.52,172,1,0,9354.37,571.65,0,0,9926.02,9926.02,762633.66,53424.75,1621,817679.41,0,817679.41,94.49,95.21,87.42,0,4,0,0,107,9426.09
05/04/2022 00:00,Tuesday,3,100,79,21,0,93.46,158,1,0,9702.03,542.9,0,0,10244.93,10244.93,772335.69,53967.65,1621,827924.34,0,827924.34,97.02,98.51,90.67,0,4,0,0,107,9850.54
06/04/2022 00:00,Wednesday,5,97,92,5,0,90.65,161,1,0,9333.72,1414.6,0,0,10748.32,10748.32,781669.41,55382.25,1621,838672.66,0,838672.66,96.22,96.4,87.23,0,5,0,0,107,9350.36
07/04/2022 00:00,Thursday,2,100,90,10,0,93.46,171,1,0,10076.34,1290.3,0,0,11366.64,11366.64,791745.75,56672.55,1621,850039.3,0,850039.3,100.76,102.6,94.17,0,5,0,0,107,10260.34
08/04/2022 00:00,Friday,5,98,80,18,0,91.59,177,5,0,15102.05,1860.15,0,0,16962.2,16962.2,806847.8,58532.7,1621,867001.5,0,867001.5,154.1,156.33,141.14,0,4,0,0,107,15320.55
09/04/2022 00:00,Saturday,0,104,68,36,0,97.2,192,5,0,19002.68,2665.7,0,0,21668.38,21668.38,825850.48,61198.4,1621,888669.88,0,888669.88,182.72,186.48,177.6,0,3,0,0,107,19393.68
10/04/2022 00:00,Sunday,5,99,73,26,0,92.52,174,3,0,10692.85,1661.75,0,0,12354.6,12354.6,836543.33,62860.15,1621,901024.48,0,901024.48,108.01,110.12,99.93,0,3,0,0,107,10901.79
11/04/2022 00:00,Monday,2,102,88,14,0,95.33,177,2,0,11488.49,929.55,300,0,12718.04,12718.04,848031.82,63789.7,1921,913742.52,0,913742.52,112.63,115.12,107.37,0,3,0,0,107,11741.79
12/04/2022 00:00,Tuesday,1,103,85,18,0,96.26,172,11,0,11583.67,996.95,0,0,12580.62,12580.62,859615.49,64786.65,1921,926323.14,0,926323.14,112.46,116.15,108.26,0,3,0,0,107,11963.19
13/04/2022 00:00,Wednesday,2,100,83,17,0,93.46,181,5,0,11816.54,1611.5,0,0,13428.04,13428.04,871432.03,66398.15,1921,939751.18,0,939751.18,118.17,121.19,110.43,0,5,0,0,107,12118.54
14/04/2022 00:00,Thursday,0,104,77,27,0,97.2,191,4,0,12995.5,1122.6,0,0,14118.1,14118.1,884427.53,67520.75,1921,953869.28,0,953869.28,124.96,127.83,121.45,0,3,0,0,107,13294.5
15/04/2022 00:00,Friday,1,103,80,23,0,96.26,199,2,0,21334.31,951.8,0,0,22286.11,22286.11,905761.84,68472.55,1921,976155.39,0,976155.39,207.13,209.17,199.39,0,3,0,0,107,21544.1
16/04/2022 00:00,Saturday,2,102,67,35,0,95.33,205,3,0,22132.41,1550.45,0,0,23682.86,23682.86,927894.25,70023,1921,999838.25,0,999838.25,216.98,219.36,206.84,0,3,0,0,107,22374.41
17/04/2022 00:00,Sunday,10,94,59,35,0,87.85,182,4,0,13550.08,1178.2,0,0,14728.28,14728.28,941444.33,71201.2,1921,1014566.53,0,1014566.53,144.15,148.19,126.64,0,3,0,0,107,13929.58
18/04/2022 00:00,Monday,9,95,71,24,0,88.79,175,8,0,10652.32,1059.95,275,0,11987.27,11987.27,952096.65,72261.15,2196,1026553.8,0,1026553.8,112.13,117.4,99.55,0,3,0,0,107,11152.82
19/04/2022 00:00,Tuesday,1,102,83,19,0,95.33,177,3,0,11136.45,914.85,0,0,12051.3,12051.3,963233.1,73176,2196,1038605.1,0,1038605.1,109.18,113.24,104.08,0,4,0,0,107,11550.45
20/04/2022 00:00,Wednesday,0,104,88,16,0,97.2,190,6,0,12193.68,1728.4,0,0,13922.08,13922.08,975426.78,74904.4,2196,1052527.18,0,1052527.18,117.25,120.56,113.96,0,3,0,0,107,12538.68
21/04/2022 00:00,Thursday,1,104,82,22,0,97.2,188,4,0,13171.03,1540.65,150,0,14861.68,14861.68,988597.81,76445.05,2346,1067388.86,0,1067388.86,126.64,130.51,123.09,0,2,0,0,107,13573.53
22/04/2022 00:00,Friday,1,104,91,13,0,97.2,196,2,0,17267.56,1845.35,0,0,19112.91,19112.91,1005865.37,78290.4,2346,1086501.77,0,1086501.77,166.03,167.88,161.38,0,2,0,0,107,17459.56
23/04/2022 00:00,Saturday,1,104,84,20,0,97.2,197,4,0,28549.56,2676.7,0,0,31226.26,31226.26,1034414.93,80967.1,2346,1117728.03,0,1117728.03,274.52,277.09,266.82,0,2,0,0,107,28817.38
24/04/2022 00:00,Sunday,2,102,85,17,0,95.33,190,1,0,16871.52,2105.65,0.2,0,18977.37,18977.37,1051286.45,83072.75,2346.2,1136705.4,0,1136705.4,165.41,168.56,157.68,0,3,0,0,107,17193.52
25/04/2022 00:00,Monday,5,99,85,14,0,92.52,168,0,0,10306.59,913.7,0,0,11220.29,11220.29,1061593.04,83986.45,2346.2,1147925.69,0,1147925.69,104.11,104.01,96.32,0,3,0,0,107,10297.31
26/04/2022 00:00,Tuesday,4,100,72,28,0,93.46,159,0,0,11536.59,734.1,164,0,12434.69,12434.69,1073129.63,84720.55,2510.2,1160360.38,0,1160360.38,115.37,114.4,107.82,0,3,0,0,107,11440.19
27/04/2022 00:00,Wednesday,3,101,79,22,0,94.39,157,0,0,11895.49,1367.15,0,0,13262.64,13262.64,1085025.12,86087.7,2510.2,1173623.02,0,1173623.02,117.78,117.81,111.17,0,3,0,0,107,11899.31
28/04/2022 00:00,Thursday,1,104,76,28,0,97.2,176,0,0,15600.76,1504.65,0,0,17105.41,17105.41,1100625.88,87592.35,2510.2,1190728.43,0,1190728.43,150.01,151.56,145.8,0,2,0,0,107,15762.24
29/04/2022 00:00,Friday,4,101,79,22,0,94.39,178,1,0,18480.41,1060.3,300,0,19840.71,19840.71,1119106.29,88652.65,2810.2,1210569.14,0,1210569.14,182.97,184.91,172.71,0,2,0,0,107,18675.91
30/04/2022 00:00,Saturday,1,104,81,23,0,97.2,206,1,0,23574.6,1803.35,0,0,25377.95,25377.95,1142680.89,90456,2810.2,1235947.09,0,1235947.09,226.68,228.23,220.32,0,2,0,0,107,23735.6
01/05/2022 00:00,Sunday,6,98,84,14,0,91.59,187,2,0,12075.26,1682.75,0,0,13758.01,13758.01,1154756.15,92138.75,2810.2,1249705.1,0,1249705.1,123.22,124.86,112.85,0,3,0,0,107,12236.26
02/05/2022 00:00,Monday,19,84,76,8,0,78.5,153,2,0,9074.94,697.5,0,0,9772.44,9772.44,1163831.09,92836.25,2810.2,1259477.54,0,1259477.54,108.04,111.22,84.81,0,4,0,0,107,9342.44
03/05/2022 00:00,Tuesday,7,97,75,22,0,90.65,160,5,0,11440.47,729.45,0,0,12169.92,12169.92,1175271.56,93565.7,2810.2,1271647.46,0,1271647.46,117.94,120.07,106.92,0,3,0,0,107,11646.77
04/05/2022 00:00,Wednesday,8,96,82,14,0,89.72,151,0,0,11415.3,1305.4,0,0,12720.7,12720.7,1186686.86,94871.1,2810.2,1284368.16,0,1284368.16,118.91,121.29,106.69,0,3,0,0,107,11644.31
05/05/2022 00:00,Thursday,7,96,84,12,0,89.72,159,0,0,12870.72,1397.15,0,0,14267.87,14267.87,1199557.58,96268.25,2810.2,1298636.03,0,1298636.03,134.07,131.1,120.29,0,4,0,0,107,12585.42
06/05/2022 00:00,Friday,1,103,77,26,0,96.26,189,1,0,20235.36,2195.65,0,0,22431.01,22431.01,1219792.94,98463.9,2810.2,1321067.04,0,1321067.04,196.46,197.36,189.12,0,3,0,0,107,20328.35
07/05/2022 00:00,Saturday,3,98,70,28,0,91.59,180,1,0,21597.28,2161.05,0,0,23758.33,23758.33,1241390.22,100624.95,2810.2,1344825.37,0,1344825.37,220.38,220.35,201.84,0,6,0,0,107,21594.59
08/05/2022 00:00,Sunday,6,91,71,20,0,85.05,161,1,0,10843.05,1577.85,20,0,12440.9,12440.9,1252233.27,102202.8,2830.2,1357266.27,0,1357266.27,119.15,120.42,101.34,0,10,0,0,107,10958.05
09/05/2022 00:00,Monday,1,97,77,20,0,90.65,163,1,0,12316.75,1080,0,0,13396.75,13396.75,1264550.02,103282.8,2830.2,1370663.02,0,1370663.02,126.98,129.78,115.11,0,9,0,0,107,12588.75
10/05/2022 00:00,Tuesday,2,100,75,25,0,93.46,176,0,0,12747.5,1014.7,0,0,13762.2,13762.2,1277297.52,104297.5,2830.2,1384425.22,0,1384425.22,127.48,131.74,119.14,0,5,0,0,107,13174.11
11/05/2022 00:00,Wednesday,3,97,83,14,0,90.65,171,0,0,13760.01,1710.35,0,0,15470.36,15470.36,1291057.53,106007.85,2830.2,1399895.58,0,1399895.58,141.86,146.55,128.6,0,7,0,0,107,14215.2
12/05/2022 00:00,Thursday,4,99,85,14,0,92.52,185,0,0,15336.89,2189.71,0,0,17526.6,17526.6,1306394.42,108197.56,2830.2,1417422.18,0,1417422.18,154.92,156.22,143.34,0,4,0,0,107,15465.29
13/05/2022 00:00,Friday,6,98,68,30,0,91.59,186,0,0,19019.02,2257.45,150,0,21426.47,21426.47,1325413.44,110455.01,2980.2,1438848.65,0,1438848.65,194.07,197.36,177.75,0,3,0,0,107,19341.02
14/05/2022 00:00,Saturday,0,104,72,32,0,97.2,202,0,0,22992.08,936.5,150,0,24078.58,24078.58,1348405.52,111391.51,3130.2,1462927.23,0,1462927.23,221.08,223.48,214.88,0,3,0,0,107,23241.49
15/05/2022 00:00,Sunday,8,96,61,35,0,89.72,178,0,0,12514.29,5655.3,0,0,18169.59,18169.59,1360919.81,117046.81,3130.2,1481096.82,0,1481096.82,130.36,134.43,116.96,0,3,0,0,107,12905.29
16/05/2022 00:00,Monday,8,95,81,14,0,88.79,174,0,0,12916.1,643.35,0,0,13559.45,13559.45,1373835.91,117690.16,3130.2,1494656.27,0,1494656.27,135.96,133.91,120.71,0,4,0,0,107,12721.91
17/05/2022 00:00,Tuesday,4,101,82,19,0,94.39,179,0,0,13347.48,562.8,0,0,13910.28,13910.28,1387183.39,118252.96,3130.2,1508566.55,0,1508566.55,132.15,135.15,124.74,0,2,0,0,107,13650.48
18/05/2022 00:00,Wednesday,3,101,89,12,0,94.39,170,0,0,13150.3,1783.55,0,0,14933.85,14933.85,1400333.69,120036.51,3130.2,1523500.4,0,1523500.4,130.2,133.63,122.9,0,3,0,0,107,13496.8
19/05/2022 00:00,Thursday,2,103,71,32,0,96.26,177,0,0,15736.23,1421.35,0,0,17157.58,17157.58,1416069.92,121457.86,3130.2,1540657.98,0,1540657.98,152.78,154.91,147.07,0,2,0,0,107,15956.23
20/05/2022 00:00,Friday,2,101,63,38,0,94.39,175,0,0,22055.8,2638.45,0,0,24694.25,24694.25,1438125.72,124096.31,3130.2,1565352.23,0,1565352.23,218.37,219.97,206.13,0,4,0,0,107,22216.8
21/05/2022 00:00,Saturday,1,104,76,28,0,97.2,191,0,0,24397.64,2588.25,0,0,26985.89,26985.89,1462523.36,126684.56,3130.2,1592338.12,0,1592338.12,234.59,237.25,228.02,0,2,0,0,107,24673.64
22/05/2022 00:00,Sunday,12,92,80,12,0,85.98,168,0,0,12215.37,1386,0,0,13601.37,13601.37,1474738.73,128070.56,3130.2,1605939.49,0,1605939.49,132.78,136.53,114.16,0,3,0,0,107,12560.37
23/05/2022 00:00,Monday,3,102,84,18,0,95.33,177,0,0,14347.43,2184.2,0,0,16531.63,16531.63,1489086.16,130254.76,3130.2,1622471.12,0,1622471.12,140.66,143.98,134.09,0,2,0,0,107,14686.18
24/05/2022 00:00,Tuesday,1,104,74,30,0,97.2,167,0,0,16530.77,1810.65,0,0,18341.42,18341.42,1505616.93,132065.41,3130.2,1640812.54,0,1640812.54,158.95,161.04,154.49,0,2,0,0,107,16747.77
25/05/2022 00:00,Wednesday,1,104,83,21,0,97.2,181,0,0,17019.62,1464.55,0,0,18484.17,18484.17,1522636.55,133529.96,3130.2,1659296.71,0,1659296.71,163.65,170.18,159.06,0,2,0,0,107,17699.17
26/05/2022 00:00,Thursday,2,102,69,33,0,95.33,191,1,0,17089.75,2343.25,0,0,19433,19433,1539726.3,135873.21,3130.2,1678729.71,0,1678729.71,167.55,174.76,159.72,0,3,0,0,107,17825.75
27/05/2022 00:00,Friday,3,101,65,36,0,94.39,192,0,0,21489.44,3126.7,0,0,24616.14,24616.14,1561215.74,138999.91,3130.2,1703345.85,0,1703345.85,212.77,215.76,200.84,0,3,0,0,107,21792.24
28/05/2022 00:00,Saturday,5,100,65,35,0,93.46,195,0,0,22428.86,2754.5,0,0,25183.36,25183.36,1583644.6,141754.41,3130.2,1728529.21,0,1728529.21,224.29,229.12,209.62,0,2,0,0,107,22911.8
29/05/2022 00:00,Sunday,12,93,66,27,0,86.92,169,0,0,13781.43,2203.7,0,0,15985.13,15985.13,1597426.03,143958.11,3130.2,1744514.34,0,1744514.34,148.19,145.52,128.8,0,2,0,0,107,13533.44
30/05/2022 00:00,Monday,4,101,70,31,0,94.39,175,1,0,16070.8,2040.85,0,0,18111.65,18111.65,1613496.83,145998.96,3130.2,1762625.99,0,1762625.99,159.12,153.05,150.19,0,2,0,0,107,15457.8
31/05/2022 00:00,Tuesday,3,102,59,43,0,95.33,164,5,0,13453.83,1987.25,0,0,15441.08,15441.08,1626950.66,147986.21,3130.2,1778067.07,0,1778067.07,131.9,139.31,125.74,0,2,0,0,107,14209.33
01/06/2022 00:00,Wednesday,1,104,64,40,0,97.2,183,4,0,15991.81,2516.35,0,0,18508.16,18508.16,1642942.47,150502.56,3130.2,1796575.23,0,1796575.23,153.77,162.11,149.46,0,2,0,0,107,16859.81
02/06/2022 00:00,Thursday,2,104,76,28,0,97.2,182,4,0,19720,1897.65,0,0,21617.65,21617.65,1662662.47,152400.21,3130.2,1818192.88,0,1818192.88,189.62,177.89,184.3,0,1,0,0,107,18501
03/06/2022 00:00,Friday,2,104,63,41,0,97.2,195,4,0,23932.17,2000.35,0,0,25932.52,25932.52,1686594.64,154400.56,3130.2,1844125.4,0,1844125.4,230.12,235.32,223.67,0,1,0,0,107,24473.67
04/06/2022 00:00,Saturday,1,105,69,36,0,98.13,199,5,0,25779.02,2024.75,0,0,27803.77,27803.77,1712373.66,156425.31,3130.2,1871929.17,0,1871929.17,245.51,249.39,240.93,0,1,0,0,107,26186.02
05/06/2022 00:00,Sunday,5,94,70,24,0,87.85,173,6,0,15907.1,2657.95,0,0,18565.05,18565.05,1728280.76,159083.26,3130.2,1890494.22,0,1890494.22,169.22,174.15,148.66,0,8,0,0,107,16370.1
06/06/2022 00:00,Monday,1,91,80,11,0,85.05,166,2,0,11418.02,1783.2,150,0,13351.22,13351.22,1739698.78,160866.46,3280.2,1903845.44,0,1903845.44,125.47,130.65,106.71,0,15,0,0,107,11889.52
07/06/2022 00:00,Tuesday,5,101,71,30,0,94.39,171,0,0,14655.64,1404.3,0,0,16059.94,16059.94,1754354.42,162270.76,3280.2,1919905.38,0,1919905.38,145.11,148.86,136.97,0,1,0,0,107,15035.14
08/06/2022 00:00,Wednesday,1,105,75,30,0,98.13,175,0,0,17781.24,1846.35,0,0,19627.59,19627.59,1772135.66,164117.11,3280.2,1939532.97,0,1939532.97,169.35,166.03,166.18,0,1,0,0,107,17432.79
09/06/2022 00:00,Thursday,0,106,77,29,0,99.07,189,0,0,17054.28,1948.65,0,0,19002.93,19002.93,1789189.94,166065.76,3280.2,1958535.9,0,1958535.9,160.89,164.34,159.39,0,1,0,0,107,17419.74
10/06/2022 00:00,Friday,5,101,61,40,0,94.39,187,0,0,24213.74,2002.05,75,0,26290.79,26290.79,1813403.68,168067.81,3355.2,1984826.69,0,1984826.69,239.74,247.37,226.3,0,1,0,0,107,24984.04
11/06/2022 00:00,Saturday,2,104,72,32,0,97.2,194,2,0,27669.11,2723.9,0,0,30393.01,30393.01,1841072.79,170791.71,3355.2,2015219.7,0,2015219.7,266.05,267.11,258.59,0,1,0,0,107,27779.51
12/06/2022 00:00,Sunday,9,96,72,24,0,89.72,182,0,0,16958.69,2100.45,0,0,19059.14,19059.14,1858031.48,172892.16,3355.2,2034278.84,0,2034278.84,176.65,176.71,158.49,0,2,0,0,107,16963.69
13/06/2022 00:00,Monday,4,101,68,33,0,94.39,162,0,0,14856.63,1454.8,0,0,16311.43,16311.43,1872888.11,174346.96,3355.2,2050590.27,0,2050590.27,147.1,149.38,138.85,0,2,0,0,107,15087
14/06/2022 00:00,Tuesday,2,104,68,36,0,97.2,174,0,0,27626.87,1856.55,0,0,29483.42,29483.42,1900514.98,176203.51,3355.2,2080073.69,0,2080073.69,265.64,202.77,258.2,0,1,0,0,107,21087.81
15/06/2022 00:00,Wednesday,1,104,70,34,0,97.2,180,0,0,20691.77,1925.85,0,0,22617.62,22617.62,1921206.75,178129.36,3355.2,2102691.31,0,2102691.31,198.96,202.61,193.38,0,2,0,0,107,21071.27
16/06/2022 00:00,Thursday,2,104,77,27,0,97.2,174,0,0,23543.61,2443.2,0,0,25986.81,25986.81,1944750.36,180572.56,3355.2,2128678.12,0,2128678.12,226.38,187.27,220.03,0,1,0,0,107,19475.72
17/06/2022 00:00,Friday,3,101,70,31,0,94.39,184,1,0,21062.04,1758.8,0,0,22820.84,22820.84,1965812.4,182331.36,3355.2,2151498.96,0,2151498.96,208.54,214,196.84,0,3,0,0,107,21614.04
18/06/2022 00:00,Saturday,3,100,69,31,0,93.46,191,1,0,24828.58,1649.3,0,0,26477.88,26477.88,1990640.98,183980.66,3355.2,2177976.84,0,2177976.84,248.29,265.63,232.04,0,4,0,0,107,26563.48
19/06/2022 00:00,Sunday,15,88,69,19,0,82.24,165,2,0,13580.27,1703.85,0,0,15284.12,15284.12,2004221.25,185684.51,3355.2,2193260.96,0,2193260.96,154.32,160.33,126.92,0,4,0,0,107,14109.27
20/06/2022 00:00,Monday,4,103,88,15,0,96.26,176,2,0,17581.63,2215.65,0,0,19797.28,19797.28,2021802.88,187900.16,3355.2,2213058.24,0,2213058.24,170.7,166.89,164.31,0,0,0,0,107,17189.67
21/06/2022 00:00,Tuesday,3,101,78,23,0,94.39,170,4,0,17631.71,1959.05,0,0,19590.76,19590.76,2039434.59,189859.21,3355.2,2232649,0,2232649,174.57,178.12,164.78,0,3,0,0,107,17990.25
22/06/2022 00:00,Wednesday,2,105,71,34,0,98.13,183,7,0,24047.36,1664.9,0,0,25712.26,25712.26,2063481.95,191524.11,3355.2,2258361.26,0,2258361.26,229.02,231.89,224.74,0,0,0,0,107,24348.7
23/06/2022 00:00,Thursday,6,98,72,26,0,91.59,164,4,0,15519.09,2568.75,0,0,18087.84,18087.84,2079001.04,194092.86,3355.2,2276449.1,0,2276449.1,158.36,159.83,145.04,0,3,0,0,107,15663.49
24/06/2022 00:00,Friday,2,105,66,39,0,98.13,197,3,0,24322.4,3519.45,0,0,27841.85,27841.85,2103323.44,197612.31,3355.2,2304290.95,0,2304290.95,231.64,233.75,227.31,0,0,0,0,107,24544.2
25/06/2022 00:00,Saturday,6,101,67,34,0,94.39,194,1,0,24229.6,2916.95,0,0,27146.55,27146.55,2127553.04,200529.26,3355.2,2331437.5,0,2331437.5,239.9,241.43,226.44,0,0,0,0,107,24384.4
26/06/2022 00:00,Sunday,5,102,65,37,0,95.33,177,5,0,15220.37,2827,0,0,18047.37,18047.37,2142773.41,203356.26,3355.2,2349484.87,0,2349484.87,149.22,152.68,142.25,0,0,0,0,107,15572.87
27/06/2022 00:00,Monday,2,105,88,17,0,98.13,178,2,0,19212.73,1667.1,250,0,21129.83,21129.83,2161986.14,205023.36,3605.2,2370614.7,0,2370614.7,182.98,186.2,179.56,0,0,0,0,107,19550.96
28/06/2022 00:00,Tuesday,1,106,82,24,0,99.07,172,1,0,17433.82,1964.25,0,0,19398.07,19398.07,2179419.96,206987.61,3605.2,2390012.77,0,2390012.77,164.47,164.71,162.93,0,0,0,0,107,17459.02
29/06/2022 00:00,Wednesday,0,107,82,25,0,100,178,3,0,18947.18,1998.9,0,0,20946.08,20946.08,2198367.14,208986.51,3605.2,2410958.85,0,2410958.85,177.08,177.15,177.08,0,0,0,0,107,18954.58
30/06/2022 00:00,Thursday,0,106,76,30,0,99.07,178,3,0,16557.72,1260.6,0,0,17818.32,17818.32,2214924.86,210247.11,3605.2,2428777.17,0,2428777.17,156.2,156.01,154.75,0,1,0,0,107,16536.88
01/07/2022 00:00,Friday,3,104,81,23,0,97.2,195,3,0,28652.48,1941.65,0,0,30594.13,30594.13,2243577.34,212188.76,3605.2,2459371.3,0,2459371.3,275.5,229.52,267.78,0,0,0,0,107,23870.23
02/07/2022 00:00,Saturday,0,107,82,25,0,100,198,2,0,28754.82,1882.65,0,0,30637.47,30637.47,2272332.16,214071.41,3605.2,2490008.77,0,2490008.77,268.74,261.87,268.74,0,0,0,0,107,28020.52
03/07/2022 00:00,Sunday,2,104,86,18,0,97.2,186,5,0,15670.19,2158.15,150,0,17978.34,17978.34,2288002.35,216229.56,3755.2,2507987.11,0,2507987.11,150.67,152.78,146.45,0,1,0,0,107,15888.69
04/07/2022 00:00,Monday,0,106,83,23,0,99.07,178,7,0,18987.04,1925.3,0,0,20912.34,20912.34,2306989.39,218154.86,3755.2,2528899.45,0,2528899.45,179.12,137.85,177.45,0,1,0,0,107,14612.58
05/07/2022 00:00,Tuesday,4,102,77,25,0,95.33,161,6,0,14518.98,1455.7,0,0,15974.68,15974.68,2321508.37,219610.56,3755.2,2544874.13,0,2544874.13,142.34,145.65,135.69,0,1,0,0,107,14856.48
06/07/2022 00:00,Wednesday,1,106,81,25,0,99.07,170,7,0,15719.99,1993.5,0,0,17713.49,17713.49,2337228.36,221604.06,3755.2,2562587.62,0,2562587.62,148.3,153.21,146.92,0,0,0,0,107,16240.49
07/07/2022 00:00,Thursday,7,99,85,14,0,92.52,165,3,0,13823.82,1385.9,0,0,15209.72,15209.72,2351052.18,222989.96,3755.2,2577797.34,0,2577797.34,139.63,139.29,129.19,0,1,0,0,107,13789.84
08/07/2022 00:00,Friday,2,105,69,36,0,98.13,197,4,0,28772.63,3123.5,0,0,31896.13,31896.13,2379824.81,226113.46,3755.2,2609693.47,0,2609693.47,274.03,274.69,268.9,0,0,0,0,107,28842.14
09/07/2022 00:00,Saturday,5,102,80,22,0,95.33,194,2,0,28677.34,2980.8,0,0,31658.14,31658.14,2408502.15,229094.26,3755.2,2641351.61,0,2641351.61,281.15,282.67,268.01,0,0,0,0,107,28831.84
10/07/2022 00:00,Sunday,2,105,89,16,0,98.13,188,2,0,15280.71,3462.9,0,0,18743.61,18743.61,2423782.86,232557.16,3755.2,2660095.22,0,2660095.22,145.53,148.36,142.81,0,0,0,0,107,15578.21
11/07/2022 00:00,Monday,2,104,78,26,0,97.2,171,5,0,13910.56,2509.45,0,0,16420.01,16420.01,2437693.42,235066.61,3755.2,2676515.23,0,2676515.23,133.76,144.07,130.01,0,1,0,0,107,14983.56
12/07/2022 00:00,Tuesday,2,104,75,29,0,97.2,165,0,0,15361.64,1801.35,300,0,17462.99,17462.99,2453055.06,236867.96,4055.2,2693978.22,0,2693978.22,147.71,149.81,143.57,0,1,0,0,107,15580.54
13/07/2022 00:00,Wednesday,1,104,75,29,0,97.2,178,2,0,15317.5,2270.34,0,0,17587.84,17587.84,2468372.56,239138.3,4055.2,2711566.06,0,2711566.06,147.28,154.78,143.15,0,2,0,0,107,16097
14/07/2022 00:00,Thursday,0,106,81,25,0,99.07,187,2,0,16351.53,2392.8,0,0,18744.33,18744.33,2484724.09,241531.1,4055.2,2730310.39,0,2730310.39,154.26,159.61,152.82,0,1,0,0,107,16918.58
15/07/2022 00:00,Friday,4,102,69,33,0,95.33,185,2,0,19587.12,1944.95,0,0,21532.07,21532.07,2504311.21,243476.05,4055.2,2751842.46,0,2751842.46,192.03,197.13,183.06,0,1,0,0,107,20107.12
16/07/2022 00:00,Saturday,2,104,65,39,0,97.2,185,3,0,26455.79,2321.9,0,0,28777.69,28777.69,2530767,245797.95,4055.2,2780620.15,0,2780620.15,254.38,257.9,247.25,0,1,0,0,107,26822.1
17/07/2022 00:00,Sunday,1,104,68,36,0,97.2,190,0,0,15898.63,3857.65,0,0,19756.28,19756.28,2546665.63,249655.6,4055.2,2800376.43,0,2800376.43,152.87,155.57,148.59,0,2,0,0,107,16178.89
18/07/2022 00:00,Monday,4,101,77,24,0,94.39,177,3,0,17353.22,2195.15,150,0,19698.37,19698.37,2564018.85,251850.75,4205.2,2820074.8,0,2820074.8,171.81,144.55,162.18,0,2,0,0,107,14599.17
19/07/2022 00:00,Tuesday,3,103,74,29,0,96.26,169,7,0,16452.07,2119.05,0,0,18571.12,18571.12,2580470.92,253969.8,4205.2,2838645.92,0,2838645.92,159.73,143.82,153.76,0,1,0,0,107,14813.63
20/07/2022 00:00,Wednesday,2,104,79,25,0,97.2,175,7,0,14748.92,2707.9,0,0,17456.82,17456.82,2595219.84,256677.7,4205.2,2856102.74,0,2856102.74,141.82,150,137.84,0,1,0,0,107,15599.55
21/07/2022 00:00,Thursday,6,101,80,21,0,94.39,171,5,0,14891.99,2080.75,0,0,16972.74,16972.74,2610111.83,258758.45,4205.2,2873075.48,0,2873075.48,147.45,154.97,139.18,0,0,0,0,107,15651.99
22/07/2022 00:00,Friday,4,103,84,19,0,96.26,183,6,0,20709.17,1739,150,0,22598.17,22598.17,2630821,260497.45,4355.2,2895673.65,0,2895673.65,201.06,194.72,193.54,0,0,0,0,107,20056.52
23/07/2022 00:00,Saturday,1,106,79,27,0,99.07,188,6,0,25036.67,2602.15,0,0,27638.82,27638.82,2655857.67,263099.6,4355.2,2923312.47,0,2923312.47,236.2,240.49,233.99,0,0,0,0,107,25492.17
24/07/2022 00:00,Sunday,5,102,72,30,0,95.33,171,0,0,16429.92,3677.15,0,0,20107.07,20107.07,2672287.59,266776.75,4355.2,2943419.54,0,2943419.54,161.08,166.55,153.55,0,0,0,0,107,16988.42
25/07/2022 00:00,Monday,2,104,74,30,0,97.2,174,0,0,16092.17,1854.55,0,0,17946.72,17946.72,2688379.76,268631.3,4355.2,2961366.26,0,2961366.26,154.73,151.23,150.39,0,1,0,0,107,15728.19
26/07/2022 00:00,Tuesday,1,105,67,38,0,98.13,177,0,0,14818.36,2389.55,0,0,17207.91,17207.91,2703198.12,271020.85,4355.2,2978574.17,0,2978574.17,141.13,146.89,138.49,0,1,0,0,107,15423.86
27/07/2022 00:00,Wednesday,1,106,77,29,0,99.07,184,0,0,15546.05,1975.4,0,0,17521.45,17521.45,2718744.17,272996.25,4355.2,2996095.62,0,2996095.62,146.66,152.95,145.29,0,0,0,0,107,16213.05
28/07/2022 00:00,Thursday,1,106,89,17,0,99.07,186,2,0,14303.51,2207.8,0,0,16511.31,16511.31,2733047.68,275204.05,4355.2,3012606.93,0,3012606.93,134.94,138.67,133.68,0,0,0,0,107,14699.52
29/07/2022 00:00,Friday,1,105,84,21,0,98.13,193,6,0,16362.99,1069.7,0,0,17432.69,17432.69,2749410.67,276273.75,4355.2,3030039.62,0,3030039.62,155.84,168,152.93,0,1,0,0,107,17639.79
30/07/2022 00:00,Saturday,1,105,81,24,0,98.13,188,6,0,20855.94,2221.85,0,0,23077.79,23077.79,2770266.61,278495.6,4355.2,3053117.41,0,3053117.41,198.63,202.34,194.92,0,1,0,0,107,21245.94
31/07/2022 00:00,Sunday,4,102,79,23,0,95.33,187,5,0,13233.79,2052.35,0,0,15286.14,15286.14,2783500.4,280547.95,4355.2,3068403.55,0,3068403.55,129.74,132.48,123.68,0,1,0,0,107,13512.67
01/08/2022 00:00,Monday,3,104,89,15,0,97.2,184,3,0,16717.58,2122.15,0,0,18839.73,18839.73,2800217.98,282670.1,4355.2,3087243.28,0,3087243.28,160.75,128.88,156.24,0,0,0,0,107,13403.13
02/08/2022 00:00,Tuesday,1,105,85,20,0,98.13,181,7,0,14149.84,2120.8,0,0,16270.64,16270.64,2814367.82,284790.9,4355.2,3103513.92,0,3103513.92,134.76,133.99,132.24,0,1,0,0,107,14068.98
03/08/2022 00:00,Wednesday,0,105,86,19,0,98.13,188,6,0,15343.99,2264.9,150,0,17758.89,17758.89,2829711.81,287055.8,4505.2,3121272.81,0,3121272.81,146.13,141.84,143.4,0,2,0,0,107,14892.79
04/08/2022 00:00,Thursday,4,103,83,20,0,96.26,180,7,0,14471.77,2199.55,0,0,16671.32,16671.32,2844183.58,289255.35,4505.2,3137944.13,0,3137944.13,140.5,145.92,135.25,0,0,0,0,107,15029.27
05/08/2022 00:00,Friday,4,103,78,25,0,96.26,183,6,0,19818.49,1921.45,150,0,21889.94,21889.94,2864002.07,291176.8,4655.2,3159834.07,0,3159834.07,192.41,197.1,185.22,0,0,0,0,107,20301.66
06/08/2022 00:00,Saturday,1,106,79,27,0,99.07,197,4,0,24697.47,3076.95,100,0,27874.42,27874.42,2888699.54,294253.75,4755.2,3187708.49,0,3187708.49,233,238.72,230.82,0,0,0,0,107,25303.98
07/08/2022 00:00,Sunday,11,96,84,12,0,89.72,174,6,0,12431.25,2324,0,0,14755.25,14755.25,2901130.79,296577.75,4755.2,3202463.74,0,3202463.74,129.49,137.36,116.18,0,0,0,0,107,13186.25
08/08/2022 00:00,Monday,2,104,86,18,0,97.2,193,3,0,13494.28,1702.25,300,0,15496.53,15496.53,2914625.07,298280,5055.2,3217960.27,0,3217960.27,129.75,134.24,126.11,0,1,0,0,107,13960.78
09/08/2022 00:00,Tuesday,1,104,77,27,0,97.2,184,4,0,14592.8,1622.05,-150,0,16064.85,16064.85,2929217.87,299902.05,4905.2,3234025.12,0,3234025.12,140.32,140.37,136.38,0,2,0,0,107,14598.97
10/08/2022 00:00,Wednesday,1,106,86,20,0,99.07,196,4,1,14218.8,1641.95,0,0,15860.75,15860.75,2943436.67,301544,4905.2,3249885.87,0,3249885.87,134.14,131.75,132.89,0,0,0,0,107,13965.59
11/08/2022 00:00,Thursday,4,103,71,32,0,96.26,181,2,1,16308.56,1860.9,0,0,18169.46,18169.46,2959745.23,303404.9,4905.2,3268055.33,0,3268055.33,158.34,156.02,152.42,0,0,0,0,107,16069.87
12/08/2022 00:00,Friday,2,104,76,28,0,97.2,185,6,0,19828.46,1982.7,0,0,21811.16,21811.16,2979573.69,305387.6,4905.2,3289866.49,0,3289866.49,190.66,194.72,185.31,0,1,0,0,107,20250.83
13/08/2022 00:00,Saturday,3,104,84,20,0,97.2,204,1,0,22801.16,1764.8,0,0,24565.96,24565.96,3002374.85,307152.4,4905.2,3314432.45,0,3314432.45,219.24,223.44,213.09,0,0,0,0,107,23237.54
14/08/2022 00:00,Sunday,3,101,87,14,0,94.39,186,2,0,13543.96,1301.55,150,0,14995.51,14995.51,3015918.81,308453.95,5055.2,3329427.96,0,3329427.96,134.1,137.25,126.58,0,3,0,0,107,13861.96
15/08/2022 00:00,Monday,2,105,86,19,0,98.13,196,1,0,15020.16,2498.85,300,0,17819.01,17819.01,3030938.97,310952.8,5355.2,3347246.97,0,3347246.97,143.05,145.63,140.38,0,0,0,0,107,15290.78
16/08/2022 00:00,Tuesday,1,106,83,23,0,99.07,190,3,0,14840.8,1698.9,0,0,16539.7,16539.7,3045779.77,312651.7,5355.2,3363786.67,0,3363786.67,140.01,143.6,138.7,0,0,0,0,107,15222.11
17/08/2022 00:00,Wednesday,1,106,85,21,0,99.07,188,9,0,18069.25,1636.3,0,0,19705.55,19705.55,3063849.02,314288,5355.2,3383492.22,0,3383492.22,170.46,173.87,168.87,0,0,0,0,107,18429.86
18/08/2022 00:00,Thursday,1,106,91,15,0,99.07,193,6,0,16318.63,1869.2,0,0,18187.83,18187.83,3080167.65,316157.2,5355.2,3401680.05,0,3401680.05,153.95,159.88,152.51,0,0,0,0,107,16947.63
19/08/2022 00:00,Friday,2,104,89,15,0,97.2,195,3,0,22249.11,2199.2,150,0,24598.31,24598.31,3102416.76,318356.4,5505.2,3426278.36,0,3426278.36,213.93,218.97,207.94,0,1,0,0,107,22772.61
20/08/2022 00:00,Saturday,2,103,82,21,0,97.2,194,0,0,24380.5,1767.05,0,0,26147.55,26147.55,3126797.26,320123.45,5505.2,3452425.91,0,3452425.91,236.7,242.32,227.86,0,1,0,0,107,24959
21/08/2022 00:00,Sunday,1,105,95,10,0,98.13,199,3,0,15202.29,2009.9,0,0,17212.19,17212.19,3141999.55,322133.35,5505.2,3469638.1,0,3469638.1,144.78,143.62,142.08,0,1,0,0,107,15079.91
22/08/2022 00:00,Monday,2,104,89,15,0,97.2,191,8,0,14473.97,1843.85,0,0,16317.82,16317.82,3156473.52,323977.2,5505.2,3485955.92,0,3485955.92,139.17,142.49,135.27,0,1,0,0,107,14818.92
23/08/2022 00:00,Tuesday,2,105,70,35,0,98.13,196,2,0,15042.37,1550.45,0,0,16592.82,16592.82,3171515.89,325527.65,5505.2,3502548.74,0,3502548.74,143.26,147.86,140.58,0,0,0,0,107,15525.37
24/08/2022 00:00,Wednesday,4,102,74,28,0,95.33,188,3,0,15928.8,1576.8,0,0,17505.6,17505.6,3187444.69,327104.45,5505.2,3520054.34,0,3520054.34,156.16,156.71,148.87,0,1,0,0,107,15984.62
25/08/2022 00:00,Thursday,1,106,75,31,0,99.07,197,2,0,19443.95,1656.4,0,0,21100.35,21100.35,3206888.64,328760.85,5505.2,3541154.69,0,3541154.69,183.43,187.22,181.72,0,0,0,0,107,19845.45
26/08/2022 00:00,Friday,3,104,81,23,0,97.2,191,1,0,26407.06,1538.45,0,0,27945.51,27945.51,3233295.7,330299.3,5505.2,3569100.2,0,3569100.2,253.91,255.14,246.79,0,0,0,0,107,26534.32
27/08/2022 00:00,Saturday,9,98,74,24,0,91.59,190,1,0,28881.64,2241.5,0,0,31123.14,31123.14,3262177.34,332540.8,5505.2,3600223.34,0,3600223.34,294.71,297.76,269.92,0,0,0,0,107,29180.14
28/08/2022 00:00,Sunday,2,105,87,18,0,98.13,190,1,0,17075.35,2273.15,0,0,19348.5,19348.5,3279252.69,334813.95,5505.2,3619571.84,0,3619571.84,162.62,152.92,159.58,0,0,0,0,107,16056.35
29/08/2022 00:00,Monday,4,101,88,13,0,94.39,183,1,0,13610.71,1987.75,180,0,15778.46,15778.46,3292863.4,336801.7,5685.2,3635350.3,0,3635350.3,134.76,135.33,127.2,0,2,0,0,107,13668.16
30/08/2022 00:00,Tuesday,2,105,80,25,0,98.13,179,1,0,14417.03,2165.45,0,0,16582.48,16582.48,3307280.43,338967.15,5685.2,3651932.78,0,3651932.78,137.31,138.72,134.74,0,0,0,0,107,14565.54
31/08/2022 00:00,Wednesday,1,106,92,14,0,99.07,183,1,0,16071.68,1624.3,0,0,17695.98,17695.98,3323352.11,340591.45,5685.2,3669628.76,0,3669628.76,151.62,148.16,150.2,0,0,0,0,107,15704.92
01/09/2022 00:00,Thursday,3,104,92,12,0,97.2,180,1,0,16416.54,1799.65,0,0,18216.19,18216.19,3339768.65,342391.1,5685.2,3687844.95,0,3687844.95,157.85,152.21,153.43,0,0,0,0,107,15829.32
02/09/2022 00:00,Friday,2,105,89,16,0,98.13,183,0,0,22099.71,1811.9,0,0,23911.61,23911.61,3361868.36,344203,5685.2,3711756.56,0,3711756.56,210.47,216.15,206.54,0,0,0,0,107,22695.71
03/09/2022 00:00,Saturday,4,103,86,17,0,96.26,190,0,0,25118.08,2233.85,0,0,27351.93,27351.93,3386986.44,346436.85,5685.2,3739108.49,0,3739108.49,243.86,245.72,234.75,0,0,0,0,107,25309.49
04/09/2022 00:00,Sunday,0,104,88,16,0,97.2,190,0,0,14657.9,1805.7,0,0,16463.6,16463.6,3401644.34,348242.55,5685.2,3755572.09,0,3755572.09,140.94,145.06,136.99,0,3,0,0,107,15086.39
05/09/2022 00:00,Monday,10,94,79,15,0,87.85,170,1,0,13972.31,1827.5,0,0,15799.81,15799.81,3415616.65,350070.05,5685.2,3771371.9,0,3771371.9,148.64,154.8,130.58,0,3,0,0,107,14550.82
06/09/2022 00:00,Tuesday,0,103,77,26,0,96.26,167,1,0,15577.42,2322.25,0,0,17899.67,17899.67,3431194.07,352392.3,5685.2,3789271.57,0,3789271.57,151.24,159.14,145.58,0,4,0,0,107,16391.13
07/09/2022 00:00,Wednesday,5,98,72,26,0,91.59,155,2,0,25609.97,1800.6,0,0,27410.57,27410.57,3456804.04,354192.9,5685.2,3816682.14,0,3816682.14,261.33,172.21,239.35,0,4,0,0,107,16876.35
08/09/2022 00:00,Thursday,3,101,75,26,0,94.39,164,2,0,17711.62,1839.4,0,0,19551.02,19551.02,3474515.66,356032.3,5685.2,3836233.16,0,3836233.16,175.36,174.7,165.53,0,3,0,0,107,17645.02
09/09/2022 00:00,Friday,3,101,87,14,0,94.39,192,3,0,33653.73,4876.8,0,0,38530.53,38530.53,3508169.39,360909.1,5685.2,3874763.69,0,3874763.69,333.21,336.76,314.52,0,3,0,0,107,34013.23
10/09/2022 00:00,Saturday,0,105,90,15,0,98.13,206,1,0,34808.94,4269.75,0,0,39078.69,39078.69,3542978.33,365178.85,5685.2,3913842.38,0,3913842.38,331.51,326.68,325.32,0,2,0,0,107,34301.44
11/09/2022 00:00,Sunday,2,103,79,24,0,96.26,191,1,0,31284.77,4298.45,0,0,35583.22,35583.22,3574263.1,369477.3,5685.2,3949425.6,0,3949425.6,303.74,307.45,292.38,0,2,0,0,107,31666.98
12/09/2022 00:00,Monday,1,106,80,26,0,99.07,169,0,0,16245.22,2296.75,0,0,18541.97,18541.97,3590508.32,371774.05,5685.2,3967967.57,0,3967967.57,153.26,156.21,151.82,0,0,0,0,107,16558.13
13/09/2022 00:00,Tuesday,1,105,77,28,0,98.13,154,0,0,19051.49,1799.25,0,0,20850.74,20850.74,3609559.81,373573.3,5685.2,3988818.31,0,3988818.31,181.44,188.37,178.05,0,1,0,0,107,19778.38
14/09/2022 00:00,Wednesday,1,105,87,18,0,98.13,158,0,0,19801.62,2041.8,0,0,21843.42,21843.42,3629361.43,375615.1,5685.2,4010661.73,0,4010661.73,188.59,193.69,185.06,0,1,0,0,107,20337.12
15/09/2022 00:00,Thursday,1,105,91,14,0,98.13,162,0,0,18348.58,2164.7,0,0,20513.28,20513.28,3647710.01,377779.8,5685.2,4031175.01,0,4031175.01,174.75,176.88,171.48,0,1,0,0,107,18572.48
16/09/2022 00:00,Friday,3,103,77,26,0,96.26,203,0,0,36555.15,4322.2,0,0,40877.35,40877.35,3684265.16,382102,5685.2,4072052.36,0,4072052.36,354.9,358.69,341.64,0,1,0,0,107,36945.45
17/09/2022 00:00,Saturday,6,100,85,15,0,93.46,193,0,0,34334.72,3815.75,0,0,38150.47,38150.47,3718599.88,385917.75,5685.2,4110202.83,0,4110202.83,343.35,347.43,320.89,0,1,0,0,107,34742.72
18/09/2022 00:00,Sunday,4,101,91,10,0,95.33,170,2,0,13696.69,2618.6,0,0,16315.29,16315.29,3732296.57,388536.35,5685.2,4126518.12,0,4126518.12,135.61,141.78,128.01,0,1,0,0,107,14319.69
19/09/2022 00:00,Monday,4,102,78,24,0,95.33,172,3,0,15830.33,2168.8,0,0,17999.13,17999.13,3748126.9,390705.15,5685.2,4144517.25,0,4144517.25,155.2,158.97,147.95,0,1,0,0,107,16214.44
20/09/2022 00:00,Tuesday,0,106,88,18,0,99.07,158,0,0,17282.74,1927.65,0,0,19210.39,19210.39,3765409.64,392632.8,5685.2,4163727.64,0,4163727.64,163.04,166.78,161.52,0,1,0,0,107,17679.15
21/09/2022 00:00,Wednesday,1,105,91,14,0,98.13,163,0,0,20981.21,1486.05,0,0,22467.26,22467.26,3786390.85,394118.85,5685.2,4186194.9,0,4186194.9,199.82,205.93,196.09,0,1,0,0,107,21622.21
22/09/2022 00:00,Thursday,0,106,90,16,0,99.07,168,0,0,20474.51,2094.65,0,0,22569.16,22569.16,3806865.36,396213.5,5685.2,4208764.06,0,4208764.06,193.16,199.82,191.35,0,1,0,0,107,21180.51
23/09/2022 00:00,Friday,1,105,75,30,0,98.13,194,1,0,26423.45,2359.55,150,0,28933,28933,3833288.81,398573.05,5835.2,4237697.06,0,4237697.06,251.65,256.2,246.95,0,1,0,0,107,26900.55
24/09/2022 00:00,Saturday,1,105,78,27,0,98.13,195,0,0,27256.3,2045.55,0,0,29301.85,29301.85,3860545.11,400618.6,5835.2,4266998.91,0,4266998.91,259.58,264.8,254.73,0,1,0,0,107,27803.78
25/09/2022 00:00,Sunday,4,102,85,17,0,95.33,180,0,0,13842.1,2095.4,0,0,15937.5,15937.5,3874387.21,402714,5835.2,4282936.41,0,4282936.41,135.71,140.75,129.37,0,1,0,0,107,14356.05
26/09/2022 00:00,Monday,1,105,94,11,0,98.13,165,2,0,16365.94,2642.2,0,0,19008.14,19008.14,3890753.15,405356.2,5835.2,4301944.55,0,4301944.55,155.87,159.23,152.95,0,1,0,0,107,16719.42
27/09/2022 00:00,Tuesday,1,106,94,12,0,99.07,171,0,0,16429.58,1970,0,0,18399.58,18399.58,3907182.73,407326.2,5835.2,4320344.13,0,4320344.13,155,160.06,153.55,0,0,0,0,107,16966.58
28/09/2022 00:00,Wednesday,2,105,99,6,0,98.13,175,0,0,16252.03,2475.9,0,0,18727.93,18727.93,3923434.76,409802.1,5835.2,4339072.06,0,4339072.06,154.78,160.79,151.89,0,0,0,0,107,16883.03
29/09/2022 00:00,Thursday,2,105,80,25,0,98.13,170,1,0,17411.29,1737.8,0,0,19149.09,19149.09,3940846.05,411539.9,5835.2,4358221.15,0,4358221.15,165.82,166.8,162.72,0,0,0,0,107,17514.22
30/09/2022 00:00,Friday,2,105,48,57,0,98.13,192,0,0,21827.54,3130.75,0,0,24958.29,24958.29,3962673.59,414670.65,5835.2,4383179.44,0,4383179.44,207.88,215.21,204,0,0,0,0,107,22596.84
01/10/2022 00:00,Saturday,0,107,58,49,0,100,195,0,0,23804.47,3198,0,0,27002.47,27002.47,3986478.06,417868.65,5835.2,4410181.91,0,4410181.91,222.47,230.88,222.47,0,0,0,0,107,24704.47
02/10/2022 00:00,Sunday,9,98,59,39,0,91.59,179,0,0,13663.39,2859.5,0,0,16522.89,16522.89,4000141.45,420728.15,5835.2,4426704.8,0,4426704.8,139.42,146.66,127.7,0,0,0,0,107,14373.15
03/10/2022 00:00,Monday,3,104,76,28,0,97.2,177,0,0,14348.56,2487.65,0,0,16836.21,16836.21,4014490.01,423215.8,5835.2,4443541.01,0,4443541.01,137.97,145.68,134.1,0,0,0,0,107,15150.46
04/10/2022 00:00,Tuesday,1,106,91,15,0,99.07,164,0,0,13291.72,1757,0,0,15048.72,15048.72,4027781.73,424972.8,5835.2,4458589.73,0,4458589.73,125.39,133.25,124.22,0,0,0,0,107,14124.62
05/10/2022 00:00,Wednesday,1,106,102,4,0,99.07,171,1,0,13897.44,1686.15,0,0,15583.59,15583.59,4041679.17,426658.95,5835.2,4474173.32,0,4474173.32,131.11,135.28,129.88,0,0,0,0,107,14340.06
06/10/2022 00:00,Thursday,2,104,95,9,0,97.2,188,2,0,16793.43,1905.05,0,0,18698.48,18698.48,4058472.6,428564,5835.2,4492871.8,0,4492871.8,161.48,167.62,156.95,0,1,0,0,107,17432.96
07/10/2022 00:00,Friday,2,105,73,32,0,98.13,191,3,0,23217.25,2553.55,0,0,25770.8,25770.8,4081689.85,431117.55,5835.2,4518642.6,0,4518642.6,221.12,225.87,216.98,0,0,0,0,107,23716.63
08/10/2022 00:00,Saturday,1,106,74,32,0,99.07,199,2,0,24841.31,3257,0,0,28098.31,28098.31,4106531.16,434374.55,5835.2,4546740.91,0,4546740.91,234.35,241.91,232.16,0,0,0,0,107,25642.81
09/10/2022 00:00,Sunday,8,99,76,23,0,92.52,178,2,0,13816.33,2144.05,0,0,15960.38,15960.38,4120347.49,436518.6,5835.2,4562701.29,0,4562701.29,139.56,146,129.12,0,0,0,0,107,14454.33
10/10/2022 00:00,Monday,3,104,87,17,0,97.2,171,1,0,14201.39,1418.2,0,0,15619.59,15619.59,4134548.88,437936.8,5835.2,4578320.88,0,4578320.88,136.55,139.54,132.72,0,0,0,0,107,14512.5
11/10/2022 00:00,Tuesday,0,107,86,21,0,100,172,1,0,14242.99,1662.45,0,0,15905.44,15905.44,4148791.87,439599.25,5835.2,4594226.32,0,4594226.32,133.11,135.94,133.11,0,0,0,0,107,14546
12/10/2022 00:00,Wednesday,6,101,92,9,0,94.39,175,2,0,13963.35,1568.05,0,0,15531.4,15531.4,4162755.22,441167.3,5835.2,4609757.72,0,4609757.72,138.25,144.02,130.5,0,0,0,0,107,14545.85
13/10/2022 00:00,Thursday,3,104,85,19,0,97.2,183,2,0,16150.08,1391.2,0,0,17541.28,17541.28,4178905.3,442558.5,5835.2,4627299,0,4627299,155.29,155.75,150.94,0,0,0,0,107,16198.41
14/10/2022 00:00,Friday,1,106,88,18,0,99.07,193,3,0,23333.86,1763,0,0,25096.86,25096.86,4202239.16,444321.5,5835.2,4652395.86,0,4652395.86,220.13,222.37,218.07,0,0,0,0,107,23571.55
15/10/2022 00:00,Saturday,2,105,78,27,0,98.13,199,2,0,24178.72,1661.2,0,0,25839.92,25839.92,4226417.88,445982.7,5835.2,4678235.78,0,4678235.78,230.27,233.37,225.97,0,0,0,0,107,24503.72
16/10/2022 00:00,Sunday,0,105,86,19,0,98.13,194,1,0,14512.09,1800.25,0,0,16312.34,16312.34,4240929.97,447782.95,5835.2,4694548.12,0,4694548.12,138.21,139.09,135.63,0,2,0,0,107,14604.51
17/10/2022 00:00,Monday,6,101,86,15,0,94.39,170,1,0,12530.44,2233.75,0,0,14764.19,14764.19,4253460.41,450016.7,5835.2,4709312.31,0,4709312.31,124.06,132.14,117.11,0,0,0,0,107,13346.34
18/10/2022 00:00,Tuesday,3,104,81,23,0,97.2,167,0,0,14583.37,1820.65,0,0,16404.02,16404.02,4268043.78,451837.35,5835.2,4725716.33,0,4725716.33,140.22,142.61,136.29,0,0,0,0,107,14830.98
19/10/2022 00:00,Wednesday,2,105,82,23,0,98.13,183,0,0,14735.58,1806.15,0,0,16541.73,16541.73,4282779.36,453643.5,5835.2,4742258.06,0,4742258.06,140.34,142.57,137.72,0,0,0,0,107,14970.25
20/10/2022 00:00,Thursday,1,106,93,13,0,99.07,183,0,0,14603.9,1812.65,150,0,16566.55,16566.55,4297383.26,455456.15,5985.2,4758824.61,0,4758824.61,137.77,142.92,136.49,0,0,0,0,107,15149.4
21/10/2022 00:00,Friday,2,105,77,28,0,98.13,192,0,0,20255.34,1934.4,150,0,22339.74,22339.74,4317638.6,457390.55,6135.2,4781164.35,0,4781164.35,192.91,200.59,189.3,0,0,0,0,107,21061.99
22/10/2022 00:00,Saturday,4,103,80,23,0,96.26,191,0,0,22454.22,1946.55,0,0,24400.77,24400.77,4340092.82,459337.1,6135.2,4805565.12,0,4805565.12,218,223.55,209.85,0,0,0,0,107,23025.22
23/10/2022 00:00,Sunday,2,105,83,22,0,98.13,184,0,0,13090.29,1903.7,0,0,14993.99,14993.99,4353183.11,461240.8,6135.2,4820559.11,0,4820559.11,124.67,125.95,122.34,0,0,0,0,107,13224.69
24/10/2022 00:00,Monday,2,105,74,31,0,98.13,167,2,0,14680.5,2117,0,0,16797.5,16797.5,4367863.61,463357.8,6135.2,4837356.61,0,4837356.61,139.81,144.87,137.2,0,0,0,0,107,15211.65
25/10/2022 00:00,Tuesday,2,105,67,38,0,98.13,159,2,0,14183.32,1677,0,0,15860.32,15860.32,4382046.93,465034.8,6135.2,4853216.93,0,4853216.93,135.08,140.77,132.55,0,0,0,0,107,14781.32
26/10/2022 00:00,Wednesday,2,105,72,33,0,98.13,169,2,0,15108.56,2024.35,0,0,17132.91,17132.91,4397155.49,467059.15,6135.2,4870349.84,0,4870349.84,143.89,150.56,141.2,0,0,0,0,107,15808.56
27/10/2022 00:00,Thursday,2,105,77,28,0,98.13,173,0,0,15040.12,3100.75,0,0,18140.87,18140.87,4412195.61,470159.9,6135.2,4888490.71,0,4888490.71,143.24,148.62,140.56,0,0,0,0,107,15605.23
28/10/2022 00:00,Friday,2,105,71,34,0,98.13,191,4,0,19866.8,2784.25,0,0,22651.05,22651.05,4432062.41,472944.15,6135.2,4911141.76,0,4911141.76,189.21,197.18,185.67,0,0,0,0,107,20704.3
29/10/2022 00:00,Saturday,3,104,70,34,0,97.2,195,3,0,29034.55,3028.95,0,0,32063.5,32063.5,4461096.96,475973.1,6135.2,4943205.26,0,4943205.26,279.18,286.44,271.35,0,0,0,0,107,29790.05
30/10/2022 00:00,Sunday,1,106,69,37,0,99.07,196,3,0,20401.68,2672.3,0,0,23073.98,23073.98,4481498.64,478645.4,6135.2,4966279.24,0,4966279.24,192.47,200.76,190.67,0,0,0,0,107,21280.98
31/10/2022 00:00,Monday,7,96,67,29,0,89.72,168,2,0,12426.07,2074.6,0,0,14500.67,14500.67,4493924.71,480720,6135.2,4980779.91,0,4980779.91,129.44,131.91,116.13,0,4,0,0,107,12663.68
01/11/2022 00:00,Tuesday,4,103,78,25,0,96.26,173,3,0,12622.29,2185.35,0,0,14807.64,14807.64,4506547,482905.35,6135.2,4995587.55,0,4995587.55,122.55,126.04,117.97,0,0,0,0,107,12982.44
02/11/2022 00:00,Wednesday,1,105,95,10,0,98.13,177,7,0,11995,2314.05,0,0,14309.05,14309.05,4518542,485219.4,6135.2,5009896.6,0,5009896.6,114.24,122.68,112.1,0,1,0,0,107,12881.6
03/11/2022 00:00,Thursday,1,106,85,21,0,99.07,187,4,0,14567.02,2247.05,0,0,16814.07,16814.07,4533109.02,487466.45,6135.2,5026710.67,0,5026710.67,137.42,141.44,136.14,0,0,0,0,107,14993.02
04/11/2022 00:00,Friday,5,102,77,25,0,95.33,177,1,0,20332.86,1909.3,0,0,22242.16,22242.16,4553441.88,489375.75,6135.2,5048952.83,0,5048952.83,199.34,203.1,190.03,0,0,0,0,107,20716.2
05/11/2022 00:00,Saturday,3,104,91,13,0,97.2,180,5,0,26327.93,2479.8,0,0,28807.73,28807.73,4579769.81,491855.55,6135.2,5077760.56,0,5077760.56,253.15,257.37,246.06,0,0,0,0,107,26766.43
06/11/2022 00:00,Sunday,9,98,91,7,0,91.59,168,1,0,10754.51,1837,0,0,12591.51,12591.51,4590524.32,493692.55,6135.2,5090352.07,0,5090352.07,109.74,113.44,100.51,0,0,0,0,107,11117.21
07/11/2022 00:00,Monday,5,102,88,14,0,95.33,163,1,0,11852.14,1960.75,0,0,13812.89,13812.89,4602376.46,495653.3,6135.2,5104164.96,0,5104164.96,116.2,120.49,110.77,0,0,0,0,107,12289.55
08/11/2022 00:00,Tuesday,3,104,84,20,0,97.2,165,0,0,11901.72,1573.05,0,0,13474.77,13474.77,4614278.18,497226.35,6135.2,5117639.73,0,5117639.73,114.44,117.15,111.23,0,0,0,0,107,12183.79
09/11/2022 00:00,Wednesday,4,103,88,15,0,96.26,172,1,1,11841.94,1695.25,100,0,13637.19,13637.19,4626120.12,498921.6,6235.2,5131276.92,0,5131276.92,114.97,121.6,110.67,0,0,0,0,107,12524.82
10/11/2022 00:00,Thursday,1,106,94,12,0,99.07,187,3,0,12121.88,2596,0,0,14717.88,14717.88,4638242,501517.6,6235.2,5145994.8,0,5145994.8,114.36,119.79,113.29,0,0,0,0,107,12697.68
11/11/2022 00:00,Friday,-1,107,82,25,0,100.93,203,2,0,18884.8,2120.2,0,0,21005,21005,4657126.8,503637.8,6235.2,5166999.8,0,5166999.8,176.49,180.66,176.49,0,0,0,0,107,19331.1
12/11/2022 00:00,Saturday,1,105,68,37,0,98.13,200,0,0,23148.81,2766.35,300,0,26215.16,26215.16,4680275.61,506404.15,6535.2,5193214.96,0,5193214.96,220.46,227.59,216.34,0,1,0,0,107,23896.81
13/11/2022 00:00,Sunday,5,100,87,13,0,93.46,185,0,0,11338.95,2164.75,0,0,13503.7,13503.7,4691614.56,508568.9,6535.2,5206718.66,0,5206718.66,113.39,117.37,105.97,0,2,0,0,107,11736.95
14/11/2022 00:00,Monday,1,103,101,2,0,96.26,175,0,0,10789.11,1253.6,0,0,12042.71,12042.71,4702403.67,509822.5,6535.2,5218761.37,0,5218761.37,104.75,105.85,100.83,0,3,0,0,107,10902.52
15/11/2022 00:00,Tuesday,3,103,95,8,0,96.26,152,0,0,10419.09,1352.1,0,0,11771.19,11771.19,4712822.76,511174.6,6535.2,5230532.56,0,5230532.56,101.16,104.31,97.37,0,1,0,0,107,10744.09
16/11/2022 00:00,Wednesday,0,107,101,6,0,100,160,2,0,12937.46,1376.9,0,0,14314.36,14314.36,4725760.22,512551.5,6535.2,5244846.92,0,5244846.92,120.91,121.84,120.91,0,0,0,0,107,13036.77
17/11/2022 00:00,Thursday,3,104,87,17,0,97.2,161,0,0,13669.09,2188.75,0,0,15857.84,15857.84,4739429.31,514740.25,6535.2,5260704.76,0,5260704.76,131.43,135.86,127.75,0,0,0,0,107,14129.59
18/11/2022 00:00,Friday,2,105,82,23,0,98.13,182,0,0,20312.32,2427.85,0,0,22740.17,22740.17,4759741.63,517168.1,6535.2,5283444.93,0,5283444.93,193.45,197.89,189.83,0,0,0,0,107,20778.66
19/11/2022 00:00,Saturday,4,102,73,29,0,95.33,187,0,0,25330.36,3007.35,0,0,28337.71,28337.71,4785071.99,520175.45,6535.2,5311782.64,0,5311782.64,248.34,252.05,236.73,0,1,0,0,107,25708.86
20/11/2022 00:00,Sunday,9,98,82,16,0,91.59,168,0,0,10496.49,1811,0,0,12307.49,12307.49,4795568.48,521986.45,6535.2,5324090.13,0,5324090.13,107.11,111.93,98.1,0,0,0,0,107,10969.49
21/11/2022 00:00,Monday,8,99,87,12,0,92.52,163,1,0,10133.99,1279.65,0,0,11413.64,11413.64,4805702.47,523266.1,6535.2,5335503.77,0,5335503.77,102.36,102.31,94.71,0,0,0,0,107,10128.93
22/11/2022 00:00,Tuesday,0,107,87,20,0,100,160,0,0,11331.92,1602.9,50,0,12984.82,12984.82,4817034.39,524869,6585.2,5348488.59,0,5348488.59,105.91,109.88,105.91,0,0,0,0,107,11757.47
23/11/2022 00:00,Wednesday,3,104,98,6,0,97.2,157,0,0,10926.09,1828.9,0,0,12754.99,12754.99,4827960.48,526697.9,6585.2,5361243.58,0,5361243.58,105.06,110.74,102.11,0,0,0,0,107,11517.08
24/11/2022 00:00,Thursday,1,106,87,19,0,99.07,173,0,0,13050.76,2269.75,150,0,15470.51,15470.51,4841011.24,528967.65,6735.2,5376714.09,0,5376714.09,123.12,121.62,121.97,0,0,0,0,107,12891.31
25/11/2022 00:00,Friday,1,106,69,37,0,99.07,198,0,0,18446.12,2054.3,300,0,20800.42,20800.42,4859457.36,531021.95,7035.2,5397514.51,0,5397514.51,174.02,179.66,172.39,0,0,0,0,107,19044
26/11/2022 00:00,Saturday,2,104,75,29,0,97.2,198,0,0,21098.52,1872.2,0,0,22970.72,22970.72,4880555.88,532894.15,7035.2,5420485.23,0,5420485.23,202.87,208.82,197.18,0,1,0,0,107,21717.52
27/11/2022 00:00,Sunday,5,101,88,13,0,94.39,183,2,0,10637.57,1647.05,0,0,12284.62,12284.62,4891193.45,534541.2,7035.2,5432769.85,0,5432769.85,105.32,108.91,99.42,0,1,0,0,107,11000.07
28/11/2022 00:00,Monday,8,99,97,2,0,92.52,166,2,0,9439.16,1409.55,0,0,10848.71,10848.71,4900632.61,535950.75,7035.2,5443618.56,0,5443618.56,95.35,98.26,88.22,0,0,0,0,107,9727.77
29/11/2022 00:00,Tuesday,5,101,88,13,0,94.39,157,2,0,9482.03,1483.7,0,0,10965.73,10965.73,4910114.64,537434.45,7035.2,5454584.29,0,5454584.29,93.88,98.42,88.62,0,1,0,0,107,9940.49
30/11/2022 00:00,Wednesday,4,101,87,14,0,94.39,160,5,0,10314.75,1422.7,0,0,11737.45,11737.45,4920429.39,538857.15,7035.2,5466321.74,0,5466321.74,102.13,103.67,96.4,0,2,0,0,107,10470.45
01/12/2022 00:00,Thursday,4,101,95,6,0,94.39,167,2,0,12615,2044.25,100,0,14759.25,14759.25,4933044.39,540901.4,7135.2,5481080.99,0,5481080.99,124.9,126.25,117.9,0,2,0,0,107,12750.78
02/12/2022 00:00,Friday,1,106,98,8,0,99.07,191,2,0,21655.28,2540.45,0,0,24195.73,24195.73,4954699.67,543441.85,7135.2,5505276.72,0,5505276.72,204.3,208.08,202.39,0,0,0,0,107,22056.28
03/12/2022 00:00,Saturday,7,100,89,11,0,93.46,192,4,0,22310.04,1673.31,0,0,23983.35,23983.35,4977009.71,545115.16,7135.2,5529260.07,0,5529260.07,223.1,228.99,208.51,0,0,0,0,107,22898.69
04/12/2022 00:00,Sunday,6,100,94,6,0,93.46,183,2,0,11626.42,611.05,0,0,12237.47,12237.47,4988636.13,545726.21,7135.2,5541497.54,0,5541497.54,116.26,119.39,108.66,0,1,0,0,107,11938.92
05/12/2022 00:00,Monday,5,102,84,18,0,95.33,181,2,0,11857.58,1330.45,0,0,13188.03,13188.03,5000493.71,547056.66,7135.2,5554685.57,0,5554685.57,116.25,115.59,110.82,0,0,0,0,107,11790.46
06/12/2022 00:00,Tuesday,5,102,89,13,0,95.33,169,3,0,11084.11,1454.4,0,0,12538.51,12538.51,5011577.82,548511.06,7135.2,5567224.08,0,5567224.08,108.67,110.84,103.59,0,0,0,0,107,11305.57
07/12/2022 00:00,Wednesday,2,105,96,9,0,98.13,185,2,0,11737.58,1082.4,0,0,12819.98,12819.98,5023315.4,549593.46,7135.2,5580044.06,0,5580044.06,111.79,115.76,109.7,0,0,0,0,107,12155.08
08/12/2022 00:00,Thursday,1,106,89,17,0,99.07,187,2,0,14609.69,2212.85,0,0,16822.54,16822.54,5037925.09,551806.31,7135.2,5596866.6,0,5596866.6,137.83,139.3,136.54,0,0,0,0,107,14765.66
09/12/2022 00:00,Friday,9,98,85,13,0,91.59,177,1,0,19761.6,2885.05,0,0,22646.65,22646.65,5057686.69,554691.36,7135.2,5619513.25,0,5619513.25,201.65,206.08,184.69,0,0,0,0,107,20195.41
10/12/2022 00:00,Saturday,2,102,87,15,0,95.33,185,2,0,25677.33,2999.85,0,0,28677.18,28677.18,5083364.02,557691.21,7135.2,5648190.43,0,5648190.43,251.74,237.77,239.98,0,3,0,0,107,24252.95
11/12/2022 00:00,Sunday,8,94,76,18,0,87.85,168,1,0,9737.03,1553.95,0,0,11290.98,11290.98,5093101.05,559245.16,7135.2,5659481.41,0,5659481.41,103.59,107.78,91,0,5,0,0,107,10131.33
12/12/2022 00:00,Monday,4,101,75,26,0,94.39,164,3,0,10220.59,1527.05,0,0,11747.64,11747.64,5103321.64,560772.21,7135.2,5671229.05,0,5671229.05,101.19,105.37,95.52,0,2,0,0,107,10642.65
13/12/2022 00:00,Tuesday,9,93,66,27,0,86.92,142,4,0,9472.91,1316.8,150,0,10939.71,10939.71,5112794.55,562089.01,7285.2,5682168.76,0,5682168.76,101.86,96.82,88.53,0,5,0,0,107,9004.69
14/12/2022 00:00,Wednesday,7,98,76,22,0,91.59,159,0,0,9872.19,1632.15,0,0,11504.34,11504.34,5122666.74,563721.16,7285.2,5693673.1,0,5693673.1,100.74,103.11,92.26,0,2,0,0,107,10105.24
15/12/2022 00:00,Thursday,5,99,79,20,0,92.52,162,1,0,10324.41,2012.25,0,0,12336.66,12336.66,5132991.15,565733.41,7285.2,5706009.76,0,5706009.76,104.29,108.25,96.49,0,3,0,0,107,10716.91
16/12/2022 00:00,Friday,10,95,71,24,0,88.79,169,0,0,14921.57,2110.1,0,0,17031.67,17031.67,5147912.72,567843.51,7285.2,5723041.43,0,5723041.43,157.07,159.4,139.45,0,2,0,0,107,15142.78
17/12/2022 00:00,Saturday,7,98,79,19,0,91.59,186,0,0,17287.4,5802.6,0,0,23090,23090,5165200.12,573646.11,7285.2,5746131.43,0,5746131.43,176.4,180.92,161.56,0,2,0,0,107,17729.9
18/12/2022 00:00,Sunday,14,90,76,14,0,84.11,163,1,0,8515.89,2283.15,0,0,10799.04,10799.04,5173716.01,575929.26,7285.2,5756930.47,0,5756930.47,94.62,99.68,79.59,0,3,0,0,107,8970.89
19/12/2022 00:00,Monday,16,75,69,6,0,70.09,133,1,0,6704.47,1347.2,0,0,8051.67,8051.67,5180420.48,577276.46,7285.2,5764982.14,0,5764982.14,89.39,95.5,62.66,0,16,0,0,107,7162.19
20/12/2022 00:00,Tuesday,24,78,68,10,0,72.9,124,2,0,7761.45,2148.01,0,0,9909.46,9909.46,5188181.93,579424.47,7285.2,5774891.6,0,5774891.6,99.51,100.82,72.54,0,5,0,0,107,7864.17
21/12/2022 00:00,Wednesday,41,64,62,2,0,59.81,110,0,0,6038.11,1979.1,0,0,8017.21,8017.21,5194220.04,581403.57,7285.2,5782908.81,0,5782908.81,94.35,95.98,56.43,0,2,0,0,107,6142.51
22/12/2022 00:00,Thursday,25,79,79,0,0,73.83,140,1,0,8007.37,900.35,100,0,9007.72,9007.72,5202227.41,582303.92,7385.2,5791916.53,0,5791916.53,101.36,100.6,74.84,0,3,0,0,107,7947.31
23/12/2022 00:00,Friday,104,0,0,0,0,0,0,0,0,295.52,15.5,385,0,696.02,696.02,5202522.93,582319.42,7770.2,5792612.55,0,5792612.55,0,0,2.76,0,3,0,0,107,0
24/12/2022 00:00,Saturday,104,0,0,0,0,0,0,0,0,0,0,0,0,0,0,5202522.93,582319.42,7770.2,5792612.55,0,5792612.55,0,0,0,0,3,0,0,107,0
25/12/2022 00:00,Sunday,104,0,0,0,0,0,0,0,0,0,0,0,0,0,0,5202522.93,582319.42,7770.2,5792612.55,0,5792612.55,0,0,0,0,3,0,0,107,0
26/12/2022 00:00,Monday,104,0,0,0,0,0,0,0,0,0,0,0,0,0,0,5202522.93,582319.42,7770.2,5792612.55,0,5792612.55,0,0,0,0,3,0,0,107,0
27/12/2022 00:00,Tuesday,104,0,0,0,0,0,0,0,0,0,0,0,0,0,0,5202522.93,582319.42,7770.2,5792612.55,0,5792612.55,0,0,0,0,3,0,0,107,0
28/12/2022 00:00,Wednesday,6,94,88,6,0,87.85,178,1,0,12479.49,1187.7,0,0,13667.19,13667.19,5215002.42,583507.12,7770.2,5806279.74,0,5806279.74,132.76,133.57,116.63,0,7,0,0,107,12555.71
29/12/2022 00:00,Thursday,1,103,98,5,0,96.26,191,3,0,15732.33,1857.85,0,0,17590.18,17590.18,5230734.75,585364.97,7770.2,5823869.92,0,5823869.92,152.74,151.9,147.03,0,3,0,0,107,15645.34
30/12/2022 00:00,Friday,9,96,84,12,0,89.72,186,0,0,15907.24,2061.7,0,0,17968.94,17968.94,5246641.99,587426.67,7770.2,5841838.86,0,5841838.86,165.7,167.59,148.67,0,2,0,0,107,16088.95
31/12/2022 00:00,Saturday,4,101,86,15,0,94.39,197,2,0,26002.78,2585,0,0,28587.78,28587.78,5272644.77,590011.67,7770.2,5870426.64,0,5870426.64,257.45,259.36,243.02,0,2,0,0,107,26195.08
